name,identifiers,wildtype,is_hetero_oligomer,structure_exists
HIS7_YEAST_Pokusaeva_2019,"6EZM,AFP06633F1",MTEQKALVKRITNETKIQIAISLKGGPLAIEHSIFPEKEAEAVAEQATQSQVINVHTGIGFLDHMIHALAKHSGWSLIVECIGDLHIDDHHTTEDCGIALGQAFKEALGAVRGVKRFGSGFAPLDEALSRAVVDLSNRPYAVVELGLQREKVGDLSCEMIPHFLESFAEASRITLHVDCLRGKNDHHRSESAFKALAVAIREATSPNGTNDVPSTKGVLM,False,True
AMIE_PSEAE_Wrenbeck_2017,"2UXY,AFP11436F1",MRHGDISSSNDTVGVAVVNYKMPRLHTAAEVLDNARKIAEMIVGMKQGLPGMDLVVFPEYSLQGIMYDPAEMMETAVAIPGEETEIFSRACRKANVWGVFSLTGERHEEHPRKAPYNTLVLIDNNGEIVQKYRKIIPWCPIEGWYPGGQTYVSEGPKGMKISLIICDDGNYPEIWRDCAMKGAELIVRCQGYMYPAKDQQVMMAKAMAWANNCYVAVANAAGFDGVYSYFGHSAIIGFDGRTLGECGEEEMGIQYAQLSLSQIRDARANDQSQNHLFKILHRGYSGLQASGDGDRGLAECPFEFYRTWVTDAEKARENVERLTRSTTGVAQCPVGRLPYEGLEKEA,False,True
SPIKE_SARS2_Starr_bind_2020,6XR8,MFVFLVLLPLVSSQCVNLTTRTQLPPAYTNSFTRGVYYPDKVFRSSVLHSTQDLFLPFFSNVTWFHAIHVSGTNGTKRFDNPVLPFNDGVYFASTEKSNIIRGWIFGTTLDSKTQSLLIVNNATNVVIKVCEFQFCNDPFLGVYYHKNNKSWMESEFRVYSSANNCTFEYVSQPFLMDLEGKQGNFKNLREFVFKNIDGYFKIYSKHTPINLVRDLPQGFSALEPLVDLPIGINITRFQTLLALHRSYLTPGDSSSGWTAGAAAYYVGYLQPRTFLLKYNENGTITDAVDCALDPLSETKCTLKSFTVEKGIYQTSNFRVQPTESIVRFPNITNLCPFGEVFNATRFASVYAWNRKRISNCVADYSVLYNSASFSTFKCYGVSPTKLNDLCFTNVYADSFVIRGDEVRQIAPGQTGKIADYNYKLPDDFTGCVIAWNSNNLDSKVGGNYNYLYRLFRKSNLKPFERDISTEIYQAGSTPCNGVEGFNCYFPLQSYGFQPTNGVGYQPYRVVVLSFELLHAPATVCGPKKSTNLVKNKCVNFNFNGLTGTGVLTESNKKFLPFQQFGRDIADTTDAVRDPQTLEILDITPCSFGGVSVITPGTNTSNQVAVLYQDVNCTEVPVAIHADQLTPTWRVYSTGSNVFQTRAGCLIGAEHVNNSYECDIPIGAGICASYQTQTNSPRRARSVASQSIIAYTMSLGAENSVAYSNNSIAIPTNFTISVTTEILPVSMTKTSVDCTMYICGDSTECSNLLLQYGSFCTQLNRALTGIAVEQDKNTQEVFAQVKQIYKTPPIKDFGGFNFSQILPDPSKPSKRSFIEDLLFNKVTLADAGFIKQYGDCLGDIAARDLICAQKFNGLTVLPPLLTDEMIAQYTSALLAGTITSGWTFGAGAALQIPFAMQMAYRFNGIGVTQNVLYENQKLIANQFNSAIGKIQDSLSSTASALGKLQDVVNQNAQALNTLVKQLSSNFGAISSVLNDILSRLDKVEAEVQIDRLITGRLQSLQTYVTQQLIRAAEIRASANLAATKMSECVLGQSKRVDFCGKGYHLMSFPQSAPHGVVFLHVTYVPAQEKNFTTAPAICHDGKAHFPREGVFVSNGTHWFVTQRNFYEPQIITTDNTFVSGNCDVVIGIVNNTVYDPLQPELDSFKEELDKYFKNHTSPDVDLGDISGINASVVNIQKEIDRLNEVAKNLNESLIDLQELGKYEQYIKWPWYIWLGFIAGLIAIVMVTIMLCCMTSCCSCLKGCCSCGSCCKFDEDDSEPVLKGVKLHYT,False,True
TRPC_SACS2_Chan_2017,"1IGS,AFQ06121F1",MPRYLKGWLKDVVQLSLRRPSFRASRQRPIISLNERILEFNKRNITAIIAEYKRKSPSGLDVERDPIEYSKFMERYAVGLSILTEEKYFNGSYETLRKIASSVSIPILMKDFIVKESQIDDAYNLGADTVLLIVKILTERELESLLEYARSYGMEPLIEINDENDLDIALRIGARFIGINSRDLETLEINKENQRKLISMIPSNVVKVAESGISERNEIEELRKLGVNAFLIGSSLMRNPEKIKEFIL,False,True
BLAT_ECOLX_Jacquier_2013,"1ZG4,AFA0A0H3H688F1",MSIQHFRVALIPFFAAFCLPVFAHPETLVKVKDAEDQLGARVGYIELDLNSGKILESFRPEERFPMMSTFKVLLCGAVLSRVDAGQEQLGRRIHYSQNDLVEYSPVTEKHLTDGMTVRELCSAAITMSDNTAANLLLTTIGGPKELTAFLHNMGDHVTRLDRWEPELNEAIPNDERDTTMPAAMATTLRKLLTGELLTLASRQQLIDWMEADKVAGPLLRSALPAGWFIADKSGAGERGSRGIIAALGPDGKPSRIVVIYTTGSQATMDERNRQIAEIGASLIKHW,False,True
SPIKE_SARS2_Starr_expr_2020,6XR8,MFVFLVLLPLVSSQCVNLTTRTQLPPAYTNSFTRGVYYPDKVFRSSVLHSTQDLFLPFFSNVTWFHAIHVSGTNGTKRFDNPVLPFNDGVYFASTEKSNIIRGWIFGTTLDSKTQSLLIVNNATNVVIKVCEFQFCNDPFLGVYYHKNNKSWMESEFRVYSSANNCTFEYVSQPFLMDLEGKQGNFKNLREFVFKNIDGYFKIYSKHTPINLVRDLPQGFSALEPLVDLPIGINITRFQTLLALHRSYLTPGDSSSGWTAGAAAYYVGYLQPRTFLLKYNENGTITDAVDCALDPLSETKCTLKSFTVEKGIYQTSNFRVQPTESIVRFPNITNLCPFGEVFNATRFASVYAWNRKRISNCVADYSVLYNSASFSTFKCYGVSPTKLNDLCFTNVYADSFVIRGDEVRQIAPGQTGKIADYNYKLPDDFTGCVIAWNSNNLDSKVGGNYNYLYRLFRKSNLKPFERDISTEIYQAGSTPCNGVEGFNCYFPLQSYGFQPTNGVGYQPYRVVVLSFELLHAPATVCGPKKSTNLVKNKCVNFNFNGLTGTGVLTESNKKFLPFQQFGRDIADTTDAVRDPQTLEILDITPCSFGGVSVITPGTNTSNQVAVLYQDVNCTEVPVAIHADQLTPTWRVYSTGSNVFQTRAGCLIGAEHVNNSYECDIPIGAGICASYQTQTNSPRRARSVASQSIIAYTMSLGAENSVAYSNNSIAIPTNFTISVTTEILPVSMTKTSVDCTMYICGDSTECSNLLLQYGSFCTQLNRALTGIAVEQDKNTQEVFAQVKQIYKTPPIKDFGGFNFSQILPDPSKPSKRSFIEDLLFNKVTLADAGFIKQYGDCLGDIAARDLICAQKFNGLTVLPPLLTDEMIAQYTSALLAGTITSGWTFGAGAALQIPFAMQMAYRFNGIGVTQNVLYENQKLIANQFNSAIGKIQDSLSSTASALGKLQDVVNQNAQALNTLVKQLSSNFGAISSVLNDILSRLDKVEAEVQIDRLITGRLQSLQTYVTQQLIRAAEIRASANLAATKMSECVLGQSKRVDFCGKGYHLMSFPQSAPHGVVFLHVTYVPAQEKNFTTAPAICHDGKAHFPREGVFVSNGTHWFVTQRNFYEPQIITTDNTFVSGNCDVVIGIVNNTVYDPLQPELDSFKEELDKYFKNHTSPDVDLGDISGINASVVNIQKEIDRLNEVAKNLNESLIDLQELGKYEQYIKWPWYIWLGFIAGLIAIVMVTIMLCCMTSCCSCLKGCCSCGSCCKFDEDDSEPVLKGVKLHYT,False,True
PABP_YEAST_Melamed_2013,"6R5K,AFP04147F1",MADITDKTAEQLENLNIQDDQKQAATGSESQSVENSSASLYVGDLEPSVSEAHLYDIFSPIGSVSSIRVCRDAITKTSLGYAYVNFNDHEAGRKAIEQLNYTPIKGRLCRIMWSQRDPSLRKKGSGNIFIKNLHPDIDNKALYDTFSVFGDILSSKIATDENGKSKGFGFVHFEEEGAAKEAIDALNGMLLNGQEIYVAPHLSRKERDSQLEETKAHYTNLYVKNINSETTDEQFQELFAKFGPIVSASLEKDADGKLKGFGFVNYEKHEDAVKAVEALNDSELNGEKLYVGRAQKKNERMHVLKKQYEAYRLEKMAKYQGVNLFVKNLDDSVDDEKLEEEFAPYGTITSAKVMRTENGKSKGFGFVCFSTPEEATKAITEKNQQIVAGKPLYVAIAQRKDVRRSQLAQQIQARNQMRYQQATAAAAAAAAGMPGQFMPPMFYGVMPPRGVPFNGPNPQQMNPMGGMPKNGMPPQFRNGPVYGVPPQGGFPRNANDNNQFYQQKQRQALGEQLYKKVSAKTSNEEAAGKITGMILDLPPQEVFPLLESDELFEQHYKEASAAYESFKKEQEQQTEQA,True,True
Q2N0S5_9HIV1_Haddox_2018,7T0O,MRVMGIQRNCQHLFRWGTMILGMIIICSAAENLWVTVYYGVPVWKDAETTLFCASDAKAYETEKHNVWATHACVPTDPNPQEIHLENVTEEFNMWKNNMVEQMHTDIISLWDQSLKPCVKLTPLCVTLQCTNVTNNITDDMRGELKNCSFNMTTELRDKKQKVYSLFYRLDVVQINENQGNRSNNSNKEYRLINCNTSAITQACPKVSFEPIPIHYCAPAGFAILKCKDKKFNGTGPCPSVSTVQCTHGIKPVVSTQLLLNGSLAEEEVMIRSENITNNAKNILVQFNTPVQINCTRPNNNTRKSIRIGPGQAFYATGDIIGDIRQAHCNVSKATWNETLGKVVKQLRKHFGNNTIIRFANSSGGDLEVTTHSFNCGGEFFYCNTSGLFNSTWISNTSVQGSNSTGSNDSITLPCRIKQIINMWQRIGQAMYAPPIQGVIRCVSNITGLILTRDGGSTNSTTETFRPGGGDMRDNWRSELYKYKVVKIEPLGVAPTRAKRRVVGREKRAVGIGAVFLGFLGAAGSTMGAASMTLTVQARNLLSGIVQQQSNLLRAIEAQQHLLKLTVWGIKQLQARVLAVERYLRDQQLLGIWGCSGKLICTTNVPWNSSWSNRNLSEIWDNMTWLQWDKEISNYTQIIYGLLEESQNQQEKNEQDLLALDKWASLWNWFDISNWLWYIKIFIMIVGGLIGLRIVFAVLSVIHRVRQGYSPLSFQTHTPNPRGLDRPERIEEEDGEQDRGRSTRLVSGFLALAWDDLRSLCLFCYHRLRDFILIAARIVELLGHSSLKGLRLGWEGLKYLWNLLAYWGRELKISAINLFDTIAIAVAEWTDRVIEIGQRLCRAFLHIPRRIRQGLERALL,False,False
SCN5A_HUMAN_Glazer_2019,"6LQA,AFQ14524F1",MANFLLPRGTSSFRRFTRESLAAIEKRMAEKQARGSTTLQESREGLPEEEAPRPQLDLQASKKLPDLYGNPPQELIGEPLEDLDPFYSTQKTFIVLNKGKTIFRFSATNALYVLSPFHPIRRAAVKILVHSLFNMLIMCTILTNCVFMAQHDPPPWTKYVEYTFTAIYTFESLVKILARGFCLHAFTFLRDPWNWLDFSVIIMAYTTEFVDLGNVSALRTFRVLRALKTISVISGLKTIVGALIQSVKKLADVMVLTVFCLSVFALIGLQLFMGNLRHKCVRNFTALNGTNGSVEADGLVWESLDLYLSDPENYLLKNGTSDVLLCGNSSDAGTCPEGYRCLKAGENPDHGYTSFDSFAWAFLALFRLMTQDCWERLYQQTLRSAGKIYMIFFMLVIFLGSFYLVNLILAVVAMAYEEQNQATIAETEEKEKRFQEAMEMLKKEHEALTIRGVDTVSRSSLEMSPLAPVNSHERRSKRRKRMSSGTEECGEDRLPKSDSEDGPRAMNHLSLTRGLSRTSMKPRSSRGSIFTFRRRDLGSEADFADDENSTAGESESHHTSLLVPWPLRRTSAQGQPSPGTSAPGHALHGKKNSTVDCNGVVSLLGAGDPEATSPGSHLLRPVMLEHPPDTTTPSEEPGGPQMLTSQAPCVDGFEEPGARQRALSAVSVLTSALEELEESRHKCPPCWNRLAQRYLIWECCPLWMSIKQGVKLVVMDPFTDLTITMCIVLNTLFMALEHYNMTSEFEEMLQVGNLVFTGIFTAEMTFKIIALDPYYYFQQGWNIFDSIIVILSLMELGLSRMSNLSVLRSFRLLRVFKLAKSWPTLNTLIKIIGNSVGALGNLTLVLAIIVFIFAVVGMQLFGKNYSELRDSDSGLLPRWHMMDFFHAFLIIFRILCGEWIETMWDCMEVSGQSLCLLVFLLVMVIGNLVVLNLFLALLLSSFSADNLTAPDEDREMNNLQLALARIQRGLRFVKRTTWDFCCGLLRQRPQKPAALAAQGQLPSCIATPYSPPPPETEKVPPTRKETRFEEGEQPGQGTPGDPEPVCVPIAVAESDTDDQEEDEENSLGTEEESSKQQESQPVSGGPEAPPDSRTWSQVSATASSEAEASASQADWRQQWKAEPQAPGCGETPEDSCSEGSTADMTNTAELLEQIPDLGQDVKDPEDCFTEGCVRRCPCCAVDTTQAPGKVWWRLRKTCYHIVEHSWFETFIIFMILLSSGALAFEDIYLEERKTIKVLLEYADKMFTYVFVLEMLLKWVAYGFKKYFTNAWCWLDFLIVDVSLVSLVANTLGFAEMGPIKSLRTLRALRPLRALSRFEGMRVVVNALVGAIPSIMNVLLVCLIFWLIFSIMGVNLFAGKFGRCINQTEGDLPLNYTIVNNKSQCESLNLTGELYWTKVKVNFDNVGAGYLALLQVATFKGWMDIMYAAVDSRGYEEQPQWEYNLYMYIYFVIFIIFGSFFTLNLFIGVIIDNFNQQKKKLGGQDIFMTEEQKKYYNAMKKLGSKKPQKPIPRPLNKYQGFIFDIVTKQAFDVTIMFLICLNMVTMMVETDDQSPEKINILAKINLLFVAIFTGECIVKLAALRHYYFTNSWNIFDFVVVILSIVGTVLSDIIQKYFFSPTLFRVIRLARIGRILRLIRGAKGIRTLLFALMMSLPALFNIGLLLFLVMFIYSIFGMANFAYVKWEAGIDDMFNFQTFANSMLCLFQITTSAGWDGLLSPILNTGPPYCDPTLPNSNGSRGDCGSPAVGILFFTTYIIISFLIVVNMYIAIILENFSVATEESTEPLSEDDFDMFYEIWEKFDPEATQFIEYSVLSDFADALSEPLRIAKPNQISLINMDLPMVSGDRIHCMDILFAFTKRVLGESGEMDALKIQMEEKFMAANPSKISYEPITTTLRRKHEEVSAMVIQRAFRRHLLQRSLKHASFLFRQQAGSGLSEEDAPEREGLIAYVMSENFSRPLGPPSSSSISSTSFPPSYDSVTRATSDNLQVRGSDYSHSEDLADFPPSPDRDRESIV,False,True
P53_HUMAN_Giacomelli_WT_Nutlin_2018,"6XRE,AFK7PPA8F1",MEEPQSDPSVEPPLSQETFSDLWKLLPENNVLSPLPSQAMDDLMLSPDDIEQWFTEDPGPDEAPRMPEAAPRVAPAPAAPTPAAPAPAPSWPLSSSVPSQKTYQGSYGFRLGFLHSGTAKSVTCTYSPALNKMFCQLAKTCPVQLWVDSTPPPGTRVRAMAIYKQSQHMTEVVRRCPHHERCSDSDGLAPPQHLIRVEGNLRVEYLDDRNTFRHSVVVPYEPPEVGSDCTTIHYNYMCNSSCMGGMNRRPILTIITLEDSSGNLLGRNSFEVRVCACPGRDRRTEEENLRKKGEPHHELPPGSTKRALPNNTSSSPQPKKKPLDGEYFTLQIRGRERFEMFRELNEALELKDAQAGKEPGGSRAHSSHLKSKKGQSTSRHKKLMFKTEGPDSD,True,True
CAPSD_AAV2S_Sinai_substitutions_2021,6IHB,MAADGYLPDWLEDTLSEGIRQWWKLKPGPPPPKPAERHKDDSRGLVLPGYKYLGPFNGLDKGEPVNEADAAALEHDKAYDRQLDSGDNPYLKYNHADAEFQERLKEDTSFGGNLGRAVFQAKKRVLEPLGLVEEPVKTAPGKKRPVEHSPVEPDSSSGTGKAGQQPARKRLNFGQTGDADSVPDPQPLGQPPAAPSGLGTNTMATGSGAPMADNNEGADGVGNSSGNWHCDSTWMGDRVITTSTRTWALPTYNNHLYKQISSQSGASNDNHYFGYSTPWGYFDFNRFHCHFSPRDWQRLINNNWGFRPKRLNFKLFNIQVKEVTQNDGTTTIANNLTSTVQVFTDSEYQLPYVLGSAHQGCLPPFPADVFMVPQYGYLTLNNGSQAVGRSSFYCLEYFPSQMLRTGNNFTFSYTFEDVPFHSSYAHSQSLDRLMNPLIDQYLYYLSRTNTPSGTTTQSRLQFSQAGASDIRDQSRNWLPGPCYRQQRVSKTSADNNNSEYSWTGATKYHLNGRDSLVNPGPAMASHKDDEEKFFPQSGVLIFGKQGSEKTNVDIEKVMITDEEEIRTTNPVATEQYGSVSTNLQRGNRQAATADVNTQGVLPGMVWQDRDVYLQGPIWAKIPHTDGHFHPSPLMGGFGLKHPPPQILIKNTPVPANPSTTFSAAKFASFITQYSTGQVSVEIEWELQKENSKRWNPEIQYTSNYNKSVNVDFTVDTNGVYSEPRPIGTRYLTRNL,True,True
A4_HUMAN_Seuma_2021,"5BUO,AFA0A140VJC8F1",MLPGLALLLLAAWTARALEVPTDGNAGLLAEPQIAMFCGRLNMHMNVQNGKWDSDPSGTKTCIDTKEGILQYCQEVYPELQITNVVEANQPVTIQNWCKRGRKQCKTHPHFVIPYRCLVGEFVSDALLVPDKCKFLHQERMDVCETHLHWHTVAKETCSEKSTNLHDYGMLLPCGIDKFRGVEFVCCPLAEESDNVDSADAEEDDSDVWWGGADTDYADGSEDKVVEVAEEEEVAEVEEEEADDDEDDEDGDEVEEEAEEPYEEATERTTSIATTTTTTTESVEEVVREVCSEQAETGPCRAMISRWYFDVTEGKCAPFFYGGCGGNRNNFDTEEYCMAVCGSAMSQSLLKTTQEPLARDPVKLPTTAASTPDAVDKYLETPGDENEHAHFQKAKERLEAKHRERMSQVMREWEEAERQAKNLPKADKKAVIQHFQEKVESLEQEAANERQQLVETHMARVEAMLNDRRRLALENYITALQAVPPRPRHVFNMLKKYVRAEQKDRQHTLKHFEHVRMVDPKKAAQIRSQVMTHLRVIYERMNQSLSLLYNVPAVAEEIQDEVDELLQKEQNYSDDVLANMISEPRISYGNDALMPSLTETKTTVELLPVNGEFSLDDLQPWHSFGADSVPANTENEVEPVDARPAADRGLTTRPGSGLTNIKTEEISEVKMDAEFRHDSGYEVHHQKLVFFAEDVGSNKGAIIGLMVGGVVIATVIVITLVMLKKKQYTSIHHGVVEVDAAVTPEERHLSKMQQNGYENPTYKFFEQMQN,False,True
NRAM_I33A0_Jiang_standard_2016,6D96,MNPNQKIITIGSICMVVGIISLILQIGNIISIWISHSIQTGNQNHTGICNQGIITYNVVAGQDSTSVILTGNSSLCPIRGWAIHSKDNGIRIGSKGDVFVIREPFISCSHLECRTFFLTQGALLNDKHSNGTVKDRSPYRALMSCPVGEAPSPYNSRFESVAWSASACHDGMGWLTIGISGPDNGAVAVLKYNGIITETIKSWRKKILRTQESECTCVNGSCFTIMTDGPSNGLASYKIFKIEKGKVTKSIELNAPNSHYEECSCYPDTGKVMCVCRDNWHGSNRPWVSFDQNLDYQIGYICSGVFGDNPRPKDGPGSCGPVSADGANGVKGFSYRYGNGVWIGRTKSDSSRHGFEMIWDPNGWTETDSRFSVRQDVVAMTDRSGYSGSFVQHPELTGLDCMRPCFWVELIRGRPEEETIWTSGSIISFCGVNSDTVDWSWPDGAELPFTIDK,False,True
MTH3_HAEAE_Rockah-Shmuel_2015,"3UBT,AFP20589F1",MNLISLFSGAGGLDLGFQKAGFRIIAANEYDKSIWKTYESNHSAKLIKGDISKISSDEFPKCDGIIGGPPCQSWSEGGSLRGIDDPRGKLFYEYIRILKQKKPKFFLAENVKGMLAQRHNKAVQEFIQEFDNAGYDVHIILLNANDYGVAQDRKRVFYIGFRKELNINYLPPIPHLIKPTLKDVIWDLKDNPIPALDKNKTNGNKCIYPNHEYFIGSYSTIFMSRNRVRQWNEPAFTVQASGRQCQLHPQAPVMLKVSKNLNKFVEGKEHLYRRLTVRECARVQGFPDDFIFHYESLNDGYKMIGNAVPVNLAYEIAKTIKSALEIRKGN,False,True
AACC1_PSEAI_Dandage_2018,"6BVC,AFP23181F1",MLRSSNDVTQQGSRPKTKLGGSSMGIIRTCRLGPDQVKSMRAALDLFGREFGDVATYSQHQPDSDYLGNLLRSKTFIALAAFDQEAVVGALAAYVLPKFEQPRSEIYIYDLAVSGEHRRQGIATALINLLKHEANALGAYVIYVQADYGDDPAVALYTKLGIREEVMHFDIDPSTAT,False,True
BLAT_ECOLX_Firnberg_2014,"1ZG4,AFA0A0H3H688F1",MSIQHFRVALIPFFAAFCLPVFAHPETLVKVKDAEDQLGARVGYIELDLNSGKILESFRPEERFPMMSTFKVLLCGAVLSRVDAGQEQLGRRIHYSQNDLVEYSPVTEKHLTDGMTVRELCSAAITMSDNTAANLLLTTIGGPKELTAFLHNMGDHVTRLDRWEPELNEAIPNDERDTTMPAAMATTLRKLLTGELLTLASRQQLIDWMEADKVAGPLLRSALPAGWFIADKSGAGERGSRGIIAALGPDGKPSRIVVIYTTGSQATMDERNRQIAEIGASLIKHW,False,True
MSH2_HUMAN_Jia_2020,"2O8B,AFP43246F1",MAVQPKETLQLESAAEVGFVRFFQGMPEKPTTTVRLFDRGDFYTAHGEDALLAAREVFKTQGVIKYMGPAGAKNLQSVVLSKMNFESFVKDLLLVRQYRVEVYKNRAGNKASKENDWYLAYKASPGNLSQFEDILFGNNDMSASIGVVGVKMSAVDGQRQVGVGYVDSIQRKLGLCEFPDNDQFSNLEALLIQIGPKECVLPGGETAGDMGKLRQIIQRGGILITERKKADFSTKDIYQDLNRLLKGKKGEQMNSAVLPEMENQVAVSSLSAVIKFLELLSDDSNFGQFELTTFDFSQYMKLDIAAVRALNLFQGSVEDTTGSQSLAALLNKCKTPQGQRLVNQWIKQPLMDKNRIEERLNLVEAFVEDAELRQTLQEDLLRRFPDLNRLAKKFQRQAANLQDCYRLYQGINQLPNVIQALEKHEGKHQKLLLAVFVTPLTDLRSDFSKFQEMIETTLDMDQVENHEFLVKPSFDPNLSELREIMNDLEKKMQSTLISAARDLGLDPGKQIKLDSSAQFGYYFRVTCKEEKVLRNNKNFSTVDIQKNGVKFTNSKLTSLNEEYTKNKTEYEEAQDAIVKEIVNISSGYVEPMQTLNDVLAQLDAVVSFAHVSNGAPVPYVRPAILEKGQGRIILKASRHACVEVQDEIAFIPNDVYFEKDKQMFHIITGPNMGGKSTYIRQTGVIVLMAQIGCFVPCESAEVSIVDCILARVGAGDSQLKGVSTFMAEMLETASILRSATKDSLIIIDELGRGTSTYDGFGLAWAISEYIATKIGAFCMFATHFHELTALANQIPTVNNLHVTALTTEETLTMLYQVKKGVCDQSFGIHVAELANFPKHVIECAKQKALELEEFQYIGESQGYDIMEPAAKKCYLEREQGEKIIQEFLSKVKQMPFTEMSEENITIKLKQLKAEVIAKNNSFVNEIISRIKVTT,True,True
A0A192B1T2_9HIV1_Haddox_2018,6MAR,MRVKGIQMNSQHLLRWGIMILGMIMICSVAGNLWVTVYYGVPVWKDAETTLFCASDAKAYDAEVHNIWATHACVPTDPNPQEINLENVTEEFNMWKNNMVEQMHTDIISLWDQGLKPCVKLTPLCVTLDCHNVTYNITSDMKEEITNCSYNVTTVIRDKKQKVSSLFYKLDVVQIGGNNRTNSQYRLINCNTSAITQACPKVTFEPIPIHYCAPAGFAILKCKDEKFNGTGLCKNVSTVQCTHGIKPVVSTQLLLNGSLAEGEVRIRSENITNNAKNIIVQLASPVTINCIRPNNNTRKSVHLGPGQAFYATDGIIGEIRQAHCNVSKKEWNSTLQKVANQLRPYFKNNTIIKFANSSGGDLEITTHSFNCGGEFFYCNTSGLFNSTWEFNSTWNNSNSTENITLQCRIKQIINMWQRAGQAIYAPPIPGVIRCKSNITGLILTRDGGSNKNTSETFRPGGGDMRDNWRSELYKYKVVKIEPIGVAPTRAKRRVVEREKRAVGIGAVFIGFLGAAGSTMGAASVTLTVQARQLLSGIVQQQSNLLRAIEAQQHLLKLTVWGIKQLQARVLAVERYLKDQQLLGIWGCSGKLICTTNVPWNSSWSNKSQDEIWGNMTWLQWDKEVSNYTQIIYTLIEESQNQQEKNEQDLLALDKWASLWNWFNISQWLWYIKIFIIIVGGLIGLRIVFAVLSVINRVRQGYSPLSFQTRTPNPGELDRPGRIEEEGGEQDRGRSIRLVSGFLALAWDDLRSLCLFSYHRLRDFILIATRTVELLGHSSLKGLRLGWESLKYLGNLLVYWGRELKISAINLCDTIAIAVAGWTDRVIELGQRLCRAILHIPRRIRQGFERALL,True,True
SPG1_STRSG_Olson_2014,"1PGX,AFP06654F1",MEKEKKVKYFLRKSAFGLASVSAAFLVGSTVFAVDSPIEDTPIIRNGGELTNLLGNSETTLALRNEESATADLTAAAVADTVAAAAAENAGAAAWEAAAAADALAKAKADALKEFNKYGVSDYYKNLINNAKTVEGIKDLQAQVVESAKKARISEATDGLSDFLKSQTPAEDTVKSIELAEAKVLANRELDKYGVSDYHKNLINNAKTVEGVKELIDEILAALPKTDQYKLILNGKTLKGETTTEAVDAATAEKVFKQYANDNGVDGEWTYDDATKTFTVTEKPEVIDASELTPAVTTYKLVINGKTLKGETTTKAVDAETAEKAFKQYANDNGVDGVWTYDDATKTFTVTEMVTEVPGDAPTEPEKPEASIPLVPLTPATPIAKDDAKKDDTKKEDAKKPEAKKDDAKKAETLPTTGEGSNPFFTAAALAVMAGAGALAVASKRKED,False,True
CP2C9_HUMAN_Amorosi_activity_2021,"1R9O,AFP11712F1",MDSLVVLVLCLSCLLLLSLWRQSSGRGKLPPGPTPLPVIGNILQIGIKDISKSLTNLSKVYGPVFTLYFGLKPIVVLHGYEAVKEALIDLGEEFSGRGIFPLAERANRGFGIVFSNGKKWKEIRRFSLMTLRNFGMGKRSIEDRVQEEARCLVEELRKTKASPCDPTFILGCAPCNVICSIIFHKRFDYKDQQFLNLMEKLNENIKILSSPWIQICNNFSPIIDYFPGTHNKLLKNVAFMKSYILEKVKEHQESMDMNNPQDFIDCFLMKMEKEKHNQPSEFTIESLENTAVDLFGAGTETTSTTLRYALLLLLKHPEVTAKVQEEIERVIGRNRSPCMQDRSHMPYTDAVVHEVQRYIDLLPTSLPHAVTCDIKFRNYLIPKGTTILISLTSVLHDNKEFPNPEMFDPHHFLDEGGNFKKSKYFMPFSAGKRICVGEALAGMELFLFLTSILQNFNLKSLVDPKNLDTTPVVNGFASVPPFYQLCFIPV,False,True
TADBP_HUMAN_Bolognesi_2019,"7PY2,AFA0A024R4E2F1",MSEYIRVTEDENDEPIEIPSEDDGTVLLSTVTAQFPGACGLRYRNPVSQCMRGVRLVEGILHAPDAGWGNLVYVVNYPKDNKRKMDETDASSAVKVKRAVQKTSDLIVLGLPWKTTEQDLKEYFSTFGEVLMVQVKKDLKTGHSKGFGFVRFTEYETQVKVMSQRHMIDGRWCDCKLPNSKQSQDEPLRSRKVFVGRCTEDMTEDELREFFSQYGDVMDVFIPKPFRAFAFVTFADDQIAQSLCGEDLIIKGISVHISNAEPKHNSNRQLERSGRFGGNPGGFGNQGGFGNSRGGGAGLGNNQGSNMGGGMNFGAFSINPAMMAAAQAALQSSWGMMGMLASQQNQSGPSGNNQNQGNMQREPNQAFGSGNNSYSGSNSGAAIGWGSASNAGSGSGFNGGFGSSMDSKSSGWGM,False,True
HSP82_YEAST_Mishra_2016,"6XLB,AFP02829F1",MASETFEFQAEITQLMSLIINTVYSNKEIFLRELISNASDALDKIRYKSLSDPKQLETEPDLFIRITPKPEQKVLEIRDSGIGMTKAELINNLGTIAKSGTKAFMEALSAGADVSMIGQFGVGFYSLFLVADRVQVISKSNDDEQYIWESNAGGSFTVTLDEVNERIGRGTILRLFLKDDQLEYLEEKRIKEVIKRHSEFVAYPIQLVVTKEVEKEVPIPEEEKKDEEKKDEEKKDEDDKKPKLEEVDEEEEKKPKTKKVKEEVQEIEELNKTKPLWTRNPSDITQEEYNAFYKSISNDWEDPLYVKHFSVEGQLEFRAILFIPKRAPFDLFESKKKKNNIKLYVRRVFITDEAEDLIPEWLSFVKGVVDSEDLPLNLSREMLQQNKIMKVIRKNIVKKLIEAFNEIAEDSEQFEKFYSAFSKNIKLGVHEDTQNRAALAKLLRYNSTKSVDELTSLTDYVTRMPEHQKNIYYITGESLKAVEKSPFLDALKAKNFEVLFLTDPIDEYAFTQLKEFEGKTLVDITKDFELEETDEEKAEREKEIKEYEPLTKALKEILGDQVEKVVVSYKLLDAPAAIRTGQFGWSANMERIMKAQALRDSSMSSYMSSKKTFEISPKSPIIKELKKRVDEGGAQDKTVKDLTKLLYETALLTSGFSLDEPTSFASRINRLISLGLNIDEDEETETAPEASTAAPVEEVPADTEMEEVD,False,True
TAT_HV1BR_Fernandes_2016,3MI9,MEPVDPRLEPWKHPGSQPKTACTNCYCKKCCFHCQVCFMTKALGISYGRKKRRQRRRAHQNSQTHQASLSKQPTSQSRGDPTGPKE,True,True
KKA2_KLEPN_Melnikov_2014,"1ND4,AFP00552F1",MIEQDGLHAGSPAAWVERLFGYDWAQQTIGCSDAAVFRLSAQGRPVLFVKTDLSGALNELQDEAARLSWLATTGVPCAAVLDVVTEAGRDWLLLGEVPGQDLLSSHLAPAEKVSIMADAMRRLHTLDPATCPFDHQAKHRIERARTRMEAGLVDQDDLDEEHQGLAPAELFARLKARMPDGEDLVVTHGDACLPNIMVENGRFSGFIDCGRLGVADRYQDIALATRDIAEELGGEWADRFLVLYGIAAPDSQRIAFYRLLDEFF,False,True
PA_I34A1_Wu_2015,7NHA,MEDFVRQCFNPMIVELAEKAMKEYGEDLKIETNKFAAICTHLEVCFMYSDFHFIDEQGESIVVELGDPNALLKHRFEIIEGRDRTIAWTVVNSICNTTGAEKPKFLPDLYDYKKNRFIEIGVTRREVHIYYLEKANKIKSEKTHIHIFSFTGEEMATKADYTLDEESRARIKTRLFTIRQEMASRGLWDSFRQSERGEETIEERFEITGTMRKLADQSLPPNFSSLEKFRAYVDGFEPNGYIEGKLSQMSKEVNARIEPFLKSTPRPLRLPDGPPCSQRSKFLLMDALKLSIEDPSHEGEGIPLYDAIKCMRTFFGWKEPNVVKPHEKGINPNYLLSWKQVLAELQDIENEEKIPRTKNMKKTSQLKWALGENMAPEKVDFDDCKDVGDLKQYDSDEPELRSLASWIQNEFNKACELTDSSWIELDEIGEDAAPIEHIASMRRNYFTAEVSHCRATEYIMKGVYINTALLNASCAAMDDFQLIPMISKCRTKEGRRKTNLYGFIIKGRSHLRNDTDVVNFVSMEFSLTDPRLEPHKWEKYCVLEVGDMLLRSAIGHVSRPMFLYVRTNGTSKIKMKWGMEMRRCLLQSLQQIESMIEAESSVKEKDMTKEFFENKSETWPVGESPKGVEEGSIGKVCRTLLAKSVFNSLYASPQLEGFSAESRKLLLIVQALRDNLEPGTFDLGGLYEAIEECLINDPWVLLNASWFNSFLTHALR,True,True
DLG4_HUMAN_Faure_2021,"2XKX,AFP78352F1",MDCLCIVTTKKYRYQDEDTPPLEHSPAHLPNQANSPPVIVNTDTLEAPGYELQVNGTEGEMEYEEITLERGNSGLGFSIAGGTDNPHIGDDPSIFITKIIPGGAAAQDGRLRVNDSILFVNEVDVREVTHSAAVEALKEAGSIVRLYVMRRKPPAEKVMEIKLIKGPKGLGFSIAGGVGNQHIPGDNSIYVTKIIEGGAAHKDGRLQIGDKILAVNSVGLEDVMHEDAVAALKNTYDVVYLKVAKPSNAYLSDSYAPPDITTSYSQHLDNEISHSSYLGTDYPTAMTPTSPRRYSPVAKDLLGEEDIPREPRRIVIHRGSTGLGFNIVGGEDGEGIFISFILAGGPADLSGELRKGDQILSVNGVDLRNASHEQAAIALKNAGQTVTIIAQYKPEEYSRFEAKIHDLREQLMNSSLGSGTASLRSNPKRGFYIRALFDYDKTKDCGFLSQALSFRFGDVLHVIDASDEEWWQARRVHSDSETDDIGFIPSKRRVERREWSRLKAKDWGSSSGSQGREDSVLSYETVTQMEVHYARPIIILGPTKDRANDDLLSEFPDKFGSCVPHTTRPKREYEIDGRDYHFVSSREKMEKDIQAHKFIEAGQYNSHLYGTSVQSVREVAEQGKHCILDVSANAVRRLQAAHLHPIAIFIRPRSLENVLEINKRITEEQARKAFDRATKLEQEFTECFSAIVEGDSFEEIYHKVKRVIEDLSGPYIWVPARERL,False,True
ENV_HV1BR_Haddox_2016,3J70,MRVKEKYQHLWRWGWKWGTMLLGILMICSATEKLWVTVYYGVPVWKEATTTLFCASDAKAYDTEVHNVWATHACVPTDPNPQEVVLVNVTENFNMWKNDMVEQMHEDIISLWDQSLKPCVKLTPLCVSLKCTDLGNATNTNSSNTNSSSGEMMMEKGEIKNCSFNISTSIRGKVQKEYAFFYKLDIIPIDNDTTSYTLTSCNTSVITQACPKVSFEPIPIHYCAPAGFAILKCNNKTFNGTGPCTNVSTVQCTHGIRPVVSTQLLLNGSLAEEEVVIRSANFTDNAKTIIVQLNQSVEINCTRPNNNTRKSIRIQRGPGRAFVTIGKIGNMRQAHCNISRAKWNATLKQIASKLREQFGNNKTIIFKQSSGGDPEIVTHSFNCGGEFFYCNSTQLFNSTWFNSTWSTEGSNNTEGSDTITLPCRIKQFINMWQEVGKAMYAPPISGQIRCSSNITGLLLTRDGGNNNNGSEIFRPGGGDMRDNWRSELYKYKVVKIEPLGVAPTKAKRRVVQREKRAVGIGALFLGFLGAAGSTMGAASMTLTVQARQLLSGIVQQQNNLLRAIEAQQHLLQLTVWGIKQLQARILAVERYLKDQQLLGIWGCSGKLICTTAVPWNASWSNKSLEQIWNNMTWMEWDREINNYTSLIHSLIEESQNQQEKNEQELLELDKWASLWNWFNITNWLWYIKIFIMIVGGLVGLRIVFAVLSIVNRVRQGYSPLSFQTHLPTPRGPDRPEGIEEEGGERDRDRSIRLVNGSLALIWDDLRSLCLFSYHRLRDLLLIVTRIVELLGRRGWEALKYWWNLLQYWSQELKNSAVSLLNATAIAVAEGTDRVIEVVQGACRAIRHIPRRIRQGLERILL,False,False
CCDB_ECOLI_Tripathi_2016,"1VUB,AFP62554F1",MQFKVYTYKRESRYRLFVDVQSDIIDTPGRRMVIPLASARLLSDKVSRELYPVVHIGDESWRMMTTDMASVPVSVIGEEVADLSHRENDIKNAINLMFWGI,False,True
ESTA_BACSU_Nutschel_2020,"1I6W,AFP37957F1",MKFVKRRIIALVTILMLSVTSLFALQPSAKAAEHNPVVMVHGIGGASFNFAGIKSYLVSQGWSRDKLYAVDFWDKTGTNYNNGPVLSRFVQKVLDETGAKKVDIVAHSMGGANTLYYIKNLDGGNKVANVVTLGGANRLTTGKALPGTDPNQKILYTSIYSSADMIVMNYLSRLDGARNVQIHGVGHIGLLYSSQVNSLIKEGLNGGGQNTN,False,True
HSP82_YEAST_Flynn_2019,"6XLB,AFP02829F1",MASETFEFQAEITQLMSLIINTVYSNKEIFLRELISNASDALDKIRYKSLSDPKQLETEPDLFIRITPKPEQKVLEIRDSGIGMTKAELINNLGTIAKSGTKAFMEALSAGADVSMIGQFGVGFYSLFLVADRVQVISKSNDDEQYIWESNAGGSFTVTLDEVNERIGRGTILRLFLKDDQLEYLEEKRIKEVIKRHSEFVAYPIQLVVTKEVEKEVPIPEEEKKDEEKKDEEKKDEDDKKPKLEEVDEEEEKKPKTKKVKEEVQEIEELNKTKPLWTRNPSDITQEEYNAFYKSISNDWEDPLYVKHFSVEGQLEFRAILFIPKRAPFDLFESKKKKNNIKLYVRRVFITDEAEDLIPEWLSFVKGVVDSEDLPLNLSREMLQQNKIMKVIRKNIVKKLIEAFNEIAEDSEQFEKFYSAFSKNIKLGVHEDTQNRAALAKLLRYNSTKSVDELTSLTDYVTRMPEHQKNIYYITGESLKAVEKSPFLDALKAKNFEVLFLTDPIDEYAFTQLKEFEGKTLVDITKDFELEETDEEKAEREKEIKEYEPLTKALKEILGDQVEKVVVSYKLLDAPAAIRTGQFGWSANMERIMKAQALRDSSMSSYMSSKKTFEISPKSPIIKELKKRVDEGGAQDKTVKDLTKLLYETALLTSGFSLDEPTSFASRINRLISLGLNIDEDEETETAPEASTAAPVEEVPADTEMEEVD,False,True
A0A2Z5U3Z0_9INFA_Wu_2014,8CT6,MKAKLLVLLYAFVATDADTICIGYHANNSTDTVDTILEKNVAVTHSVNLLEDSHNGKLCKLKGIAPLQLGKCNITGWLLGNPECDSLLPARSWSYIVETPNSENGACYPGDLIDYEELREQLSSVSSLERFEIFPKESSWPNHTFNGVTVSCSHRGKSSFYRNLLWLTKKGDSYPKLTNSYVNNKGKEVLVLWGVHHPSSSDEQQSLYSNGNAYVSVASSNYNRRFTPEIAARPKVRDQHGRMNYYWTLLEPGDTIIFEATGNLIAPWYAFALSRGFESGIITSNASMHECNTKCQTPQGAINSNLPFQNIHPVTIGECPKYVRSTKLRMVTGLRNIPSIQYRGLFGAIAGFIEGGWTGMIDGWYGYHHQNEQGSGYAADQKSTQNAINGITNKVNSVIEKMNTQFTAVGKEFNNLEKRMENLNKKVDDGFLDIWTYNAELLVLLENERTLDFHDLNVKNLYEKVKSQLKNNAKEIGNGCFEFYHKCDNECMESVRNGTYDYPKYSEESKLNREKIDGVKLESMGVYQILAIYSTVASSLVLLVSLGAISFWMCSNGSLQCRICI,True,True
P53_HUMAN_Giacomelli_NULL_Etoposide_2018,"6XRE,AFK7PPA8F1",MEEPQSDPSVEPPLSQETFSDLWKLLPENNVLSPLPSQAMDDLMLSPDDIEQWFTEDPGPDEAPRMPEAAPRVAPAPAAPTPAAPAPAPSWPLSSSVPSQKTYQGSYGFRLGFLHSGTAKSVTCTYSPALNKMFCQLAKTCPVQLWVDSTPPPGTRVRAMAIYKQSQHMTEVVRRCPHHERCSDSDGLAPPQHLIRVEGNLRVEYLDDRNTFRHSVVVPYEPPEVGSDCTTIHYNYMCNSSCMGGMNRRPILTIITLEDSSGNLLGRNSFEVRVCACPGRDRRTEEENLRKKGEPHHELPPGSTKRALPNNTSSSPQPKKKPLDGEYFTLQIRGRERFEMFRELNEALELKDAQAGKEPGGSRAHSSHLKSKKGQSTSRHKKLMFKTEGPDSD,True,True
IF1_ECOLI_Kelsic_2016,AFA0A077ZLU3F1,MAKEDNIEMQGTVLETLPNTMFRVELENGHVVTAHISGKMRKNYIRILTGDKVTVELTPYDLSKGRIVFRSR,False,True
POLG_HCVJF_Qi_2014,5WDX,MSTNPKPQRKTKRNTNRRPEDVKFPGGGQIVGGVYLLPRRGPRLGVRTTRKTSERSQPRGRRQPIPKDRRSTGKAWGKPGRPWPLYGNEGLGWAGWLLSPRGSRPSWGPTDPRHRSRNVGKVIDTLTCGFADLMGYIPVVGAPLSGAARAVAHGVRVLEDGVNYATGNLPGFPFSIFLLALLSCITVPVSAAQVKNTSSSYMVTNDCSNDSITWQLEAAVLHVPGCVPCERVGNTSRCWVPVSPNMAVRQPGALTQGLRTHIDMVVMSATFCSALYVGDLCGGVMLAAQVFIVSPQYHWFVQECNCSIYPGTITGHRMAWDMMMNWSPTATMILAYVMRVPEVIIDIVSGAHWGVMFGLAYFSMQGAWAKVIVILLLAAGVDAGTTTVGGAVARSTNVIAGVFSHGPQQNIQLINTNGSWHINRTALNCNDSLNTGFLAALFYTNRFNSSGCPGRLSACRNIEAFRIGWGTLQYEDNVTNPEDMRPYCWHYPPKPCGVVPARSVCGPVYCFTPSPVVVGTTDRRGVPTYTWGENETDVFLLNSTRPPQGSWFGCTWMNSTGFTKTCGAPPCRTRADFNASTDLLCPTDCFRKHPDATYIKCGSGPWLTPKCLVHYPYRLWHYPCTVNFTIFKIRMYVGGVEHRLTAACNFTRGDRCDLEDRDRSQLSPLLHSTTEWAILPCTYSDLPALSTGLLHLHQNIVDVQYMYGLSPAITKYVVRWEWVVLLFLLLADARVCACLWMLILLGQAEAALEKLVVLHAASAANCHGLLYFAIFFVAAWHIRGRVVPLTTYCLTGLWPFCLLLMALPRQAYAYDAPVHGQIGVGLLILITLFTLTPGYKTLLGQCLWWLCYLLTLGEAMIQEWVPPMQVRGGRDGIAWAVTIFCPGVVFDITKWLLALLGPAYLLRAALTHVPYFVRAHALIRVCALVKQLAGGRYVQVALLALGRWTGTYIYDHLTPMSDWAASGLRDLAVAVEPIIFSPMEKKVIVWGAETAACGDILHGLPVSARLGQEILLGPADGYTSKGWKLLAPITAYAQQTRGLLGAIVVSMTGRDRTEQAGEVQILSTVSQSFLGTTISGVLWTVYHGAGNKTLAGLRGPVTQMYSSAEGDLVGWPSPPGTKSLEPCKCGAVDLYLVTRNADVIPARRRGDKRGALLSPRPISTLKGSSGGPVLCPRGHVVGLFRAAVCSRGVAKSIDFIPVETLDVVTRSPTFSDNSTPPAVPQTYQVGYLHAPTGSGKSTKVPVAYAAQGYKVLVLNPSVAATLGFGAYLSKAHGINPNIRTGVRTVMTGEAITYSTYGKFLADGGCASGAYDIIICDECHAVDATSILGIGTVLDQAETAGVRLTVLATATPPGSVTTPHPDIEEVGLGREGEIPFYGRAIPLSCIKGGRHLIFCHSKKKCDELAAALRGMGLNAVAYYRGLDVSIIPAQGDVVVVATDALMTGYTGDFDSVIDCNVAVTQAVDFSLDPTFTITTQTVPQDAVSRSQRRGRTGRGRQGTYRYVSTGERASGMFDSVVLCECYDAGAAWYDLTPAETTVRLRAYFNTPGLPVCQDHLEFWEAVFTGLTHIDAHFLSQTKQAGENFAYLVAYQATVCARAKAPPPSWDAMWKCLARLKPTLAGPTPLLYRLGPITNEVTLTHPGTKYIATCMQADLEVMTSTWVLAGGVLAAVAAYCLATGCVSIIGRLHVNQRVVVAPDKEVLYEAFDEMEECASRAALIEEGQRIAEMLKSKIQGLLQQASKQAQDIQPAMQASWPKVEQFWARHMWNFISGIQYLAGLSTLPGNPAVASMMAFSAALTSPLSTSTTILLNIMGGWLASQIAPPAGATGFVVSGLVGAAVGSIGLGKVLVDILAGYGAGISGALVAFKIMSGEKPSMEDVINLLPGILSPGALVVGVICAAILRRHVGPGEGAVQWMNRLIAFASRGNHVAPTHYVTESDASQRVTQLLGSLTITSLLRRLHNWITEDCPIPCSGSWLRDVWDWVCTILTDFKNWLTSKLFPKLPGLPFISCQKGYKGVWAGTGIMTTRCPCGANISGNVRLGSMRITGPKTCMNTWQGTFPINCYTEGQCAPKPPTNYKTAIWRVAASEYAEVTQHGSYSYVTGLTTDNLKIPCQLPSPEFFSWVDGVQIHRFAPTPKPFFRDEVSFCVGLNSYAVGSQLPCEPEPDADVLRSMLTDPPHITAETAARRLARGSPPSEASSSVSQLSAPSLRATCTTHSNTYDVDMVDANLLMEGGVAQTEPESRVPVLDFLEPMAEEESDLEPSIPSECMLPRSGFPRALPAWARPDYNPPLVESWRRPDYQPPTVAGCALPPPKKAPTPPPRRRRTVGLSESTISEALQQLAIKTFGQPPSSGDAGSSTGAGAAESGGPTSPGEPAPSETGSASSMPPLEGEPGDPDLESDQVELQPPPQGGGVAPGSGSGSWSTCSEEDDTTVCCSMSYSWTGALITPCSPEEEKLPINPLSNSLLRYHNKVYCTTSKSASQRAKKVTFDRTQVLDAHYDSVLKDIKLAASKVSARLLTLEEACQLTPPHSARSKYGFGAKEVRSLSGRAVNHIKSVWKDLLEDPQTPIPTTIMAKNEVFCVDPAKGGKKPARLIVYPDLGVRVCEKMALYDITQKLPQAVMGASYGFQYSPAQRVEYLLKAWAEKKDPMGFSYDTRCFDSTVTERDIRTEESIYQACSLPEEARTAIHSLTERLYVGGPMFNSKGQTCGYRRCRASGVLTTSMGNTITCYVKALAACKAAGIVAPTMLVCGDDLVVISESQGTEEDERNLRAFTEAMTRYSAPPGDPPRPEYDLELITSCSSNVSVALGPRGRRRYYLTRDPTTPLARAAWETVRHSPINSWLGNIIQYAPTIWVRMVLMTHFFSILMVQDTLDQNLNFEMYGSVYSVNPLDLPAIIERLHGLDAFSMHTYSHHELTRVASALRKLGAPPLRVWKSRARAVRASLISRGGKAAVCGRYLFNWAVKTKLKLTPLPEARLLDLSSWFTVGAGGGDIFHSVSRARPRSLLFGLLLLFVGVGLFLLPAR,False,True
A0A1I9GEU1_NEIME_Kennouche_2019,5KUA,FTLIELMIVIAIVGILAAVALPAYQDYTARAQVSEAILLAEGQKSAVTEYYLNHGEWPGDNSSAGVATSADIKGKYVQSVTVANGVITAQMASSNVNNEIKSKKLSLWAKRQNGSVKWFCGQPVTRTTATATDVAAANGKTDDKINTKHLPSTCRDDSSAS,False,True
BRCA1_HUMAN_Findlay_2018,"3COJ,AFP38398F1",MDLSALRVEEVQNVINAMQKILECPICLELIKEPVSTKCDHIFCKFCMLKLLNQKKGPSQCPLCKNDITKRSLQESTRFSQLVEELLKIICAFQLDTGLEYANSYNFAKKENNSPEHLKDEVSIIQSMGYRNRAKRLLQSEPENPSLQETSLSVQLSNLGTVRTLRTKQRIQPQKTSVYIELGSDSSEDTVNKATYCSVGDQELLQITPQGTRDEISLDSAKKAACEFSETDVTNTEHHQPSNNDLNTTEKRAAERHPEKYQGSSVSNLHVEPCGTNTHASSLQHENSSLLLTKDRMNVEKAEFCNKSKQPGLARSQHNRWAGSKETCNDRRTPSTEKKVDLNADPLCERKEWNKQKLPCSENPRDTEDVPWITLNSSIQKVNEWFSRSDELLGSDDSHDGESESNAKVADVLDVLNEVDEYSGSSEKIDLLASDPHEALICKSERVHSKSVESNIEDKIFGKTYRKKASLPNLSHVTENLIIGAFVTEPQIIQERPLTNKLKRKRRPTSGLHPEDFIKKADLAVQKTPEMINQGTNQTEQNGQVMNITNSGHENKTKGDSIQNEKNPNPIESLEKESAFKTKAEPISSSISNMELELNIHNSKAPKKNRLRRKSSTRHIHALELVVSRNLSPPNCTELQIDSCSSSEEIKKKKYNQMPVRHSRNLQLMEGKEPATGAKKSNKPNEQTSKRHDSDTFPELKLTNAPGSFTKCSNTSELKEFVNPSLPREEKEEKLETVKVSNNAEDPKDLMLSGERVLQTERSVESSSISLVPGTDYGTQESISLLEVSTLGKAKTEPNKCVSQCAAFENPKGLIHGCSKDNRNDTEGFKYPLGHEVNHSRETSIEMEESELDAQYLQNTFKVSKRQSFAPFSNPGNAEEECATFSAHSGSLKKQSPKVTFECEQKEENQGKNESNIKPVQTVNITAGFPVVGQKDKPVDNAKCSIKGGSRFCLSSQFRGNETGLITPNKHGLLQNPYRIPPLFPIKSFVKTKCKKNLLEENFEEHSMSPEREMGNENIPSTVSTISRNNIRENVFKEASSSNINEVGSSTNEVGSSINEIGSSDENIQAELGRNRGPKLNAMLRLGVLQPEVYKQSLPGSNCKHPEIKKQEYEEVVQTVNTDFSPYLISDNLEQPMGSSHASQVCSETPDDLLDDGEIKEDTSFAENDIKESSAVFSKSVQKGELSRSPSPFTHTHLAQGYRRGAKKLESSEENLSSEDEELPCFQHLLFGKVNNIPSQSTRHSTVATECLSKNTEENLLSLKNSLNDCSNQVILAKASQEHHLSEETKCSASLFSSQCSELEDLTANTNTQDPFLIGSSKQMRHQSESQGVGLSDKELVSDDEERGTGLEENNQEEQSMDSNLGEAASGCESETSVSEDCSGLSSQSDILTTQQRDTMQHNLIKLQQEMAELEAVLEQHGSQPSNSYPSIISDSSALEDLRNPEQSTSEKAVLTSQKSSEYPISQNPEGLSADKFEVSADSSTSKNKEPGVERSSPSKCPSLDDRWYMHSCSGSLQNRNYPSQEELIKVVDVEEQQLEESGPHDLTETSYLPRQDLEGTPYLESGISLFSDDPESDPSEDRAPESARVGNIPSSTSALKVPQLKVAESAQSPAAAHTTDTAGYNAMEESVSREKPELTASTERVNKRMSMVVSGLTPEEFMLVYKFARKHHITLTNLITEETTHVVMKTDAEFVCERTLKYFLGIAGGKWVVSYFWVTQSIKERKMLNEHDFEVRGDVVNGRNHQGPKRARESQDRKIFRGLEICCYGPFTNMPTDQLEWMVQLCGASVVKELSSFTLGTGVHPIVVVQPDAWTEDNGFHAIGQMCEAPVVTREWVLDSVALYQCQELDTYLIPQIPHSHY,True,True
CALM1_HUMAN_Weile_2017,1IQ5,MADQLTEEQIAEFKEAFSLFDKDGDGTITTKELGTVMRSLGQNPTEAELQDMINEVDADGNGTIDFPEFLTMMARKMKDTDSEEEIREAFRVFDKDGNGYISAAELRHVMTNLGEKLTDEEVDEMIREADIDGDGQVNYEEFVQMMTAK,True,True
P84126_THETH_Chan_2017,1VC4,MRPDLSRVPGVLGEIARKRASEVAPYPLPEPPSVPSFKEALLRPGLSVIAEVKRQSPSEGLIREVDPVEAALAYARGGARAVSVLTEPHRFGGSLLDLKRVREAVDLPLLRKDFVVDPFMLEEARAFGASAALLIVALLGELTGAYLEEARRLGLEALVEVHTERELEIALEAGAEVLGINNRDLATLHINLETAPRLGRLARKRGFGGVLVAESGYSRKEELKALEGLFDAVLIGTSLMRAPDLEAALRELVG,False,True
GAL4_YEAST_Kitzman_2015,"7UIK,AFP04386F1",MKLLSSIEQACDICRLKKLKCSKEKPKCAKCLKNNWECRYSPKTKRSPLTRAHLTEVESRLERLEQLFLLIFPREDLDMILKMDSLQDIKALLTGLFVQDNVNKDAVTDRLASVETDMPLTLRQHRISATSSSEESSNKGQRQLTVSIDSAAHHDNSTIPLDFMPRDALHGFDWSEEDDMSDGLPFLKTDPNNNGFFGDGSLLCILRSIGFKPENYTNSNVNRLPTMITDRYTLASRSTTSRLLQSYLNNFHPYCPIVHSPTLMMLYNNQIEIASKDQWQILFNCILAIGAWCIEGESTDIDVFYYQNAKSHLTSKVFESGSIILVTALHLLSRYTQWRQKTNTSYNFHSFSIRMAISLGLNRDLPSSFSDSSILEQRRRIWWSVYSWEIQLSLLYGRSIQLSQNTISFPSSVDDVQRTTTGPTIYHGIIETARLLQVFTKIYELDKTVTAEKSPICAKKCLMICNEIEEVSRQAPKFLQMDISTTALTNLLKEHPWLSFTRFELKWKQLSLIIYVLRDFFTNFTQKKSQLEQDQNDHQSYEVKRCSIMLSDAAQRTVMSVSSYMDNHNVTPYFAWNCSYYLFNAVLVPIKTLLSNSKSNAENNETAQLLQQINTVLMLLKKLATFKIQTCEKYIQVLEEVCAPFLLSQCAIPLPHISYNNSNGSAIKNIVGSATIAQYPTLPEENVNNISVKYVSPGSVGPSPVPLKSGASFSDLVKLLSNRPPSRNSPVTIPRSTPSHRSVTPFLGQQQQLQSLVPLTPSALFGGANFNQSGNIADSSLSFTFTNSSNGPNLITTQTNSQALSQPIASSNVHDNFMNNEITASKIDDGNNSKPLSPGWTDQTAYNAFGITTGMFNTTTMDDVYNYLFDDEDTPPNPKKE,True,True
I6TAH8_I68A0_Doud_2015,7NT8,MASQGTKRSYEQMETDGERQNATEIRASVGKMIDGIGRFYIQMCTELKLSDYEGRLIQNSLTIERMVLSAFDERRNKYLEEHPSAGKDPKKTGGPIYKRVDRKWMRELVLYDKEEIRRIWRQANNGDDATAGLTHMMIWHSNLNDTTYQRTRALVRTGMDPRMCSLMQGSTLPRRSGAAGAAVKGVGTMVMELIRMIKRGINDRNFWRGENGRKTRSAYERMCNILKGKFQTAAQRAMMDQVRESRNPGNAEIEDLIFLARSALILRGSVAHKSCLPACVYGPAVASGYDFEKEGYSLVGIDPFKLLQNSQVYSLIRPNENPAHKSQLVWMACNSAAFEDLRVLSFIRGTKVSPRGKLSTRGVQIASNENMDAMESSTLELRSRYWAIRTRSGGNTNQQRASAGQISVQPAFSVQRNLPFDKPTIMAAFTGNTEGRTSDMRAEIIRMMEGAKPEEMSFQGRGVFELSDERAANPIVPSFDMSNEGSYFFGDNAEEYDN,False,True
P53_HUMAN_Kotler_2018,"6XRE,AFK7PPA8F1",MEEPQSDPSVEPPLSQETFSDLWKLLPENNVLSPLPSQAMDDLMLSPDDIEQWFTEDPGPDEAPRMPEAAPPVAPAPAAPTPAAPAPAPSWPLSSSVPSQKTYQGSYGFRLGFLHSGTAKSVTCTYSPALNKMFCQLAKTCPVQLWVDSTPPPGTRVRAMAIYKQSQHMTEVVRRCPHHERCSDSDGLAPPQHLIRVEGNLRVEYLDDRNTFRHSVVVPYEPPEVGSDCTTIHYNYMCNSSCMGGMNRRPILTIITLEDSSGNLLGRNSFEVRVCACPGRDRRTEEENLRKKGEPHHELPPGSTKRALPNNTSSSPQPKKKPLDGEYFTLQIRGRERFEMFRELNEALELKDAQAGKEPGGSRAHSSHLKSKKGQSTSRHKKLMFKTEGPDSD,True,True
UBC9_HUMAN_Weile_2017,1A3S,MSGIALSRLAQERKAWRKDHPFGFVAVPTKNPDGTMNLMNWECAIPGKKGTPWEGGLFKLRMLFKDDYPSSPPKCKFEPPLFHPNVYPSGTVCLSILEEDKDWRPAITIKQILLGIQELLNEPNIQDPAQAEAYTIYCQNRVEYEKRVRAQAKKFAPSY,False,True
TPOR_HUMAN_Bridgford_S505N_2020,AFP40238F1,MPSWALFMVTSCLLLAPQNLAQVSSQDVSLLASDSEPLKCFSRTFEDLTCFWDEEEAAPSGTYQLLYAYPREKPRACPLSSQSMPHFGTRYVCQFPDQEEVRLFFPLHLWVKNVFLNQTRTQRVLFVDSVGLPAPPSIIKAMGGSQPGELQISWEEPAPEISDFLRYELRYGPRDPKNSTGPTVIQLIATETCCPALQRPHSASALDQSPCAQPTMPWQDGPKQTSPSREASALTAEGGSCLISGLQPGNSYWLQLRSEPDGISLGGSWGSWSLPVTVDLPGDAVALGLQCFTLDLKNVTCQWQQQDHASSQGFFYHSRARCCPRDRYPIWENCEEEEKTNPGLQTPQFSRCHFKSRNDSIIHILVEVTTAPGTVHSYLGSPFWIHQAVRLPTPNLHWREISSGHLELEWQHPSSWAAQETCYQLRYTGEGHQDWKVLEPPLGARGGTLELRPRSRYRLQLRARLNGPTYQGPWSSWSDPTRVETATETAWISLVTALHLVLGLNAVLGLLLLRWQFPAHYRRLRHALWPSLPDLHRVLGQYLRDTAALSPPKATVSDTCEEVEPSLLEILPKSSERTPLPLCSSQAQMDYRRLQPSCLGTMPLSVCPPMAESGSCCTTHIANHSYLPLSYWQQP,False,True
CP2C9_HUMAN_Amorosi_abundance_2021,"1R9O,AFP11712F1",MDSLVVLVLCLSCLLLLSLWRQSSGRGKLPPGPTPLPVIGNILQIGIKDISKSLTNLSKVYGPVFTLYFGLKPIVVLHGYEAVKEALIDLGEEFSGRGIFPLAERANRGFGIVFSNGKKWKEIRRFSLMTLRNFGMGKRSIEDRVQEEARCLVEELRKTKASPCDPTFILGCAPCNVICSIIFHKRFDYKDQQFLNLMEKLNENIKILSSPWIQICNNFSPIIDYFPGTHNKLLKNVAFMKSYILEKVKEHQESMDMNNPQDFIDCFLMKMEKEKHNQPSEFTIESLENTAVDLFGAGTETTSTTLRYALLLLLKHPEVTAKVQEEIERVIGRNRSPCMQDRSHMPYTDAVVHEVQRYIDLLPTSLPHAVTCDIKFRNYLIPKGTTILISLTSVLHDNKEFPNPEMFDPHHFLDEGGNFKKSKYFMPFSAGKRICVGEALAGMELFLFLTSILQNFNLKSLVDPKNLDTTPVVNGFASVPPFYQLCFIPV,False,True
REV_HV1H2_Fernandes_2016,2X7L,MAGRSGDSDEELIRTVRLIKLLYQSNPPPNPEGTRQARRNRRRRWRERQRQIHSISERILSTYLGRSAEPVPLQLPPLERLTLDCNEDCGTSGTQGVGSPQILVESPTVLESGTKE,True,True
SYUA_HUMAN_Newberry_2020,1XQ8,MDVYMKGLSKAKEGVVAAAEKTKQGVAEAAGKTKEGVLFVGSKTKEGVVHGVATVAEKTKEQVTNVGGAVVTGVTAVAQKTVEGAGSIAAATGYVKKDQLGKNEEGAPQEGILEDMPVDPDNEAFEMPSEEGFQDFEPEA,False,True
YAP1_HUMAN_Araya_2012,"3KYS,AFP46937F1",MDPGQQPPPQPAPQGQGQPPSQPPQGQGPPSGPGQPAPAATQAAPQAPPAGHQIVHVRGDSETDLEALFNAVMNPKTANVPQTVPMRLRKLPDSFFKPPEPKSHSRQASTDAGTAGALTPQHVRAHSSPASLQLGAVSPGTLTPTGVVSGPAATPTAQHLRQSSFEIPDDVPLPAGWEMAKTSSGQRYFLNHIDQTTTWQDPRKAMLSQMNVTAPTSPPVQQNMMNSASGPLPDGWEQAMTQDGEIYYINHKNKTTSWLDPRLDPRFAMNQRISQSAPVKQPPPLAPQSPQGGVMGGSNSNQQQQMRLQQLQMEKERLRLKQQELLRQAMRNINPSTANSPKCQELALRSQLPTLEQDGGTQNPVSSPGMSQELRTMTTNSSDPFLNSGTYHSRDESTDSGLSMSSYSVPRTPDDFLNSVDEMDTGDTINQSTLPSQQNRFPDYLEAIPGTNVDLGTLEGDGMNIEGEELMPSLQEALSSDILNDMESVLAATKLDKESFLTWL,True,True
NCAP_I34A1_Doud_2015,2YMN,MASQGTKRSYEQMETDGERQNATEIRASVGKMIGGIGRFYIQMCTELKLSDYEGRLIQNSLTIERMVLSAFDERRNKYLEEHPSAGKDPKKTGGPIYRRVNGKWMRELILYDKEEIRRIWRQANNGDDATAGLTHMMIWHSNLNDATYQRTRALVRTGMDPRMCSLMQGSTLPRRSGAAGAAVKGVGTMVMELVRMIKRGINDRNFWRGENGRKTRIAYERMCNILKGKFQTAAQKAMMDQVRESRNPGNAEFEDLTFLARSALILRGSVAHKSCLPACVYGPAVASGYDFEREGYSLVGIDPFRLLQNSQVYSLIRPNENPAHKSQLVWMACHSAAFEDLRVLSFIKGTKVLPRGKLSTRGVQIASNENMETMESSTLELRSRYWAIRTRSGGNTNQQRASAGQISIQPTFSVQRNLPFDRTTIMAAFNGNTEGRTSDMRTEIIRMMESARPEDVSFQGRGVFELSDEKAASPIVPSFDMSNEGSYFFGDNAEEYDN,False,True
TRPC_THEMA_Chan_2017,"1I4N,AFQ56319F1",MRRLWEIVEAKKKDILEIDGENLIVQRRNHRFLEVLSGKERVKIIAEFKKASPSAGDINADASLEDFIRMYDELADAISILTEKHYFKGDPAFVRAARNLTSRPILAKDFYIDTVQVKLASSVGADAILIIARILTAEQIKEIYEAAEELGMDSLVEVHSREDLEKVFSVIRPKIIGINTRDLDTFEIKKNVLWELLPLVPDDTVVVAESGIKDPRELKDLRGKVNAVLVGTSIMKAENPRRFLEEMRAWSE,False,True
BLAT_ECOLX_Deng_2012,"1ZG4,AFA0A0H3H688F1",MSIQHFRVALIPFFAAFCLPVFAHPETLVKVKDAEDQLGARVGYIELDLNSGKILESFRPEERFPMMSTFKVLLCGAVLSRVDAGQEQLGRRIHYSQNDLVEYSPVTEKHLTDGMTVRELCSAAITMSDNTAANLLLTTIGGPKELTAFLHNMGDHVTRLDRWEPELNEAIPNDERDTTMPAAMATTLRKLLTGELLTLASRQQLIDWMEADKVAGPLLRSALPAGWFIADKSGAGERGSRGIIAALGPDGKPSRIVVIYTTGSQATMDERNRQIAEIGASLIKHW,False,True
GFP_AEQVI_Sarkisyan_2016,"1EMM,AFP42212F1",MSKGEELFTGVVPILVELDGDVNGHKFSVSGEGEGDATYGKLTLKFICTTGKLPVPWPTLVTTLSYGVQCFSRYPDHMKQHDFFKSAMPEGYVQERTIFFKDDGNYKTRAEVKFEGDTLVNRIELKGIDFKEDGNILGHKLEYNYNSHNVYIMADKQKNGIKVNFKIRHNIEDGSVQLADHYQQNTPIGDGPVLLPDNHYLSTQSALSKDPNEKRDHMVLLEFVTAAGITHGMDELYK,False,True
NUD15_HUMAN_Suiter_2020,5BON,MTASAQPRGRRPGVGVGVVVTSCKHPRCVLLGKRKGSVGAGSFQLPGGHLEFGETWEECAQRETWEEAALHLKNVHFASVVNSFIEKENYHYVTILMKGEVDVTHDSEPKNVEPEKNESWEWVPWEELPPLDQLFWGLRCLKEQGYDPFKEDLNHLVGYKGNHL,False,True
UBE4B_MOUSE_Starita_2013,"2KRE,AFQ9ES00F1",MEELSADEIRRRRLARLAGGQTSQPTTPLTSPQRENPPGPPIAASAPGPSQSLGLNVHNMTPATSPIGAAGVAHRSQSSEGVSSLSSSPSNSLETQSQSLSRSQSMDIDGVSCEKSMSQVDVDSGIENMEVDENDRREKRSLSDKEPSSGPEVSEEQALQLVCKIFRVSWKDRDRDVIFLSSLSAQFKQNPKEVFSDFKDLIGQILMEVLMMSTQTRDENPFASLTATSQPIATAARSPDRNLMLNTGSSSGTSPMFCNMGSFSTSSLSSLGASGGASNWDSYSDHFTIETCKETDMLNYLIECFDRVGIEEKKAPKMCSQPAVSQLLSNIRSQCISHTALVLQGSLTQPRSLQQPSFLVPYMLCRNLPYGFIQELVRTTHQDEEVFKQIFIPILQGLALAAKECSLESDYFKYPLMALGELCETKFGKTHPMCNLVASLPLWLPKSLSPGSGRELQRLSYLGAFFSFSVFAEDDAKVVEKYFSGPAITLENTRVVSQSLQHYLELGRQELFKILHSILLNGETREAALSYMAALVNANMKKAQMQADDRLVSTDGFMLNLLWVLQQLSTKIKLETVDPTYIFHPRCRITLPNDETRINATMEDVNERLTELYGDQPPFSEPKFPTECFFLTLHAHHLSILPSCRRYIRRLRAIRELNRTVEDLKNNESQWKDSPLATRHREMLKRCKTQLKKLVRCKACADAGLLDESFLRRCLNFYGLLIQLMLRILDPAYPDVTLPLNSEVPKVFAALPEFYVEDVAEFLFFIVQYSPQVLYEPCTQDIVMFLVVMLCNQNYIRNPYLVAKLVEVMFMTNPSVQPRTQKFFEMIENHPLSTKLLVPSLMKFYTDVEHTGATSEFYDKFTIRYHISTIFKSLWQNIAHHGTFMEEFNSGKQFVRYINMLINDTTFLLDESLESLKRIHEVQEEMKNKEQWDQLPRDQQQARQSQLAQDERVSRSYLALATETVDMFHLLTKQVQKPFLRPELGPRLAAMLNFNLQQLCGPKCRDLKVENPEKYGFEPKKLLDQLTDIYLQLDCARFAKAIADDQRSYSKELFEEVISKMRKAGIKSTIAIEKFKLLAEKVEEIVAKNARAEIDYSDAPDEFRDPLMDTLMTDPVRLPSGTVMDRSIILRHLLNSPTDPFNRQMLTESMLEPVPELKEQIQAWMREKQSSDH,False,True
A4GRB6_PSEAI_Chen_2020,2YZ3,MFKLLSKLLVYLTASIMAIASPLAFSVDSSGEYPTVSEIPVGEVRLYQIADGVWSHIATQSFDGAVYPSNGLIVRDGDELLLIDTAWGAKNTAALLAEIEKQIGLPVTRAVSTHFHDDRVGGVDVLRAAGVATYASPSTRRLAEVEGNEIPTHSLEGLSSSGDAVRFGPVELFYPGAAHSTDNLIVYVPSASVLYGGCAIYELSRTSAGNVADADLAEWPTSIERIQQHYPEAQFVIPGHGLPGGLDLLKHTTNVVKAHTNRSVVE,False,True
CCDB_ECOLI_Adkar_2012,"1VUB,AFP62554F1",MQFKVYTYKRESRYRLFVDVQSDIIDTPGRRMVIPLASARLLSDKVSRELYPVVHIGDESWRMMTTDMASVPVSVIGEEVADLSHRENDIKNAINLMFWGI,False,True
Q59976_STRSQ_Romero_2015,1GNX,MVPAAQQTAMAPDAALTFPEGFLWGSATASYQIEGAAAEDGRTPSIWDTYARTPGRVRNGDTGDVATDHYHRWREDVALMAELGLGAYRFSLAWPRIQPTGRGPALQKGLDFYRRLADELLAKGIQPVATLYHWDLPQELENAGGWPERATAERFAEYAAIAADALGDRVKTWTTLNEPWCSAFLGYGSGVHAPGRTDPVAALRAAHHLNLGHGLAVQALRDRLPADAQCSVTLNIHHVRPLTDSDADADAVRRIDALANRVFTGPMLQGAYPEDLVKDTAGLTDWSFVRDGDLRLAHQKLDFLGVNYYSPTLVSEADGSGTHNSDGHGRSAHSPWPGADRVAFHQPPGETTAMGWAVDPSGLYELLRRLSSDFPALPLVITENGAAFHDYADPEGNVNDPERIAYVRDHLAAVHRAIKDGSDVRGYFLWSLLDNFEWAHGYSKRFGAVYVDYPTGTRIPKASARWYAEVARTGVLPTAGDPNSSSVDKLAAALEHHHHHH,False,True
A4D664_9INFA_Soh_CCL141_2019,7NHA,MERIKELRDLMSQSRTREILTKTTVDHMAIIKKYTSGRQEKNPALRMKWMMAMKYPITADKRIMEMIPERNEQGQTLWSKTNDAGSDRVMVSPLAVTWWNRNGPTTSTVHYPKVYKTYFEKVERLKHGTFGPVHFRNQVKIRRRVDINPGHADLSAKEAQDVIMEVVFPNEVGARILTSESQLTITREKKEELQDCKIAPLMVAYMLERELVRKTRFLPVAGGTSSVYIEVLHLTQGTCWEQMYTPGGEVRNDDVDQSLIIAARNIVRRATVSADPLASLLEMCHSTQIGGIRMVDILRQNPTEEQAVDICKAAMGLRISSSFSFGGFTFKRTSGSSVKREEEVLTGNLQTLKIRVHEGYEEFTMVGRRATAILRKATRRLIQLIVSGRDEQSIAEAIIVALVFSQEDCMIKAVRGDLNFVNRANQRLNPMHQLLRHFQKDAKVLFQNWGIEPIDNVMGMIGILPDMTPSTEMSLRGIRVSKMGVDEYSSTERVVVSIDRFLRVRDQRGNVLLSPEEVSETQGTEKLTITYSSSMMWEINGPESVLVNTYQWIIRNWETVKIQWSQDPTMLYNKMEFEPFQSLVPKAARGQYSGFVRTLFQQMRDVLGTFDTVQIIKLLPFAAAPPEQSRMQFSSLTVNVRGSGMRILVRGNSPVFNYNKATKRLTVLGKDAGALTEDPDEGTAGVESAVLRGFLILGKEDKRYGPALSINELSNLAKGEKANVLIGQGDVVLVMKRKRDSSILTDSQTATKRIRMAIN,True,True
A0A2Z5U3Z0_9INFA_Doud_2016,8CT6,MKAKLLVLLYAFVATDADTICIGYHANNSTDTVDTILEKNVAVTHSVNLLEDSHNGKLCKLKGIAPLQLGKCNITGWLLGNPECDSLLPARSWSYIVETPNSENGACYPGDLIDYEELREQLSSVSSLERFEIFPKESSWPNHTFNGVTVSCSHRGKSSFYRNLLWLTKKGDSYPKLTNSYVNNKGKEVLVLWGVHHPSSSDEQQSLYSNGNAYVSVASSNYNRRFTPEIAARPKVRDQHGRMNYYWTLLEPGDTIIFEATGNLIAPWYAFALSRGFESGIITSNASMHECNTKCQTPQGAINSNLPFQNIHPVTIGECPKYVRSTKLRMVTGLRNIPSIQYRGLFGAIAGFIEGGWTGMIDGWYGYHHQNEQGSGYAADQKSTQNAINGITNKVNSVIEKMNTQFTAVGKEFNNLEKRMENLNKKVDDGFLDIWTYNAELLVLLENERTLDFHDLNVKNLYEKVKSQLKNNAKEIGNGCFEFYHKCDNECMESVRNGTYDYPKYSEESKLNREKIDGVKLESMGVYQILAIYSTVASSLVLLVSLGAISFWMCSNGSLQCRICI,True,True
POLG_CXB3N_Mattenberger_2021,3CDU,MGAQVSTQKTGAHETRLNASGNSIIHYTNINYYKDAASNSANRQDFTQDPGKFTEPVKDIMIKSLPALNSPTVEECGYSDRARSITLGNSTITTQECANVVVGYGVWPDYLKDSEATAEDQPTQPDVATCRFYTLDSVQWQKTSPGWWWKLPDALSNLGLFGQNMQYHYLGRTGYTVHVQCNASKFHQGCLLVVCVPEAEMGCATLDNTPSSAELLGGDSAKEFADKPVASGSNKLVQRVVYNAGMGVGVGNLTIFPHQWINLRTNNSATIVMPYTNSVPMDNMFRHNNVTLMVIPFVPLDYCPGSTTYVPITVTIAPMCAEYNGLRLAGHQGLPTMNTPGSCQFLTSDDFQSPSAMPQYDVTPEMRIPGEVKNLMEIAEVDSVVPVQNVGEKVNSMEAYQIPVRSNEGSGTQVFGFPLQPGYSSVFSRTLLGEILNYYTHWSGSIKLTFMFCGSAMATGKFLLAYSPPGAGAPTKRVDAMLGTHVIWDVGLQSSCVLCIPWISQTHYRFVASDEYTAGGFITCWYQTNIVVPADAQSSCYIMCFVSACNDFSVRLLKDTPFISQQNFFQGPVEDAITAAIGRVADTVGTGPTNSEAIPALTAAETGHTSQVVPGDTMQTRHVKNYHSRSESTIENFLCRSACVYFTEYKNSGAKRYAEWVLTPRQAAQLRRKLEFFTYVRFDLELTFVITSTQQPSTTQNQDAQILTHQIMYVPPGGPVPDKVDSYVWQTSTNPSVFWTEGNAPPRMSIPFLSIGNAYSNFYDGWSEFSRNGVYGINTLNNMGTLYARHVNAGSTGPIKSTIRIYFKPKHVKAWIPRPPRLCQYEKAKNVNFQPSGVTTTRQSITTMTNTGAFGQQSGAVYVGNYRVVNRHLATSADWQNCVWESYNRDLLVSTTTAHGCDIIARCQCTTGVYFCASKNKHYPISFEGPGLVEVQESEYYPRRYQSHVLLAAGFSEPGDCGGILRCEHGVIGIVTMGGEGVVGFADIRDLLWLEDDAMEQGVKDYVEQLGNAFGSGFTNQICEQVNLLKESLVGQDSILEKSLKALVKIISALVIVVRNHDDLITVTATLALIGCTSSPWRWLKQKVSQYYGIPMAERQNNSWLKKFTEMTNACKGMEWIAVKIQKFIEWLKVKILPEVREKHEFLNRLKQLPLLESQIATIEQSAPSQSDQEQLFSNVQYFAHYCRKYAPLYAAEAKRVFSLEKKMSNYIQFKSKCRIEPVCLLLHGSPGAGKSVATNLIGRSLAEKLNSSVYSLPPDPDHFDGYKQQAVVIMDDLCQNPDGKDVSLFCQMVSSVDFVPPMAALEEKGILFTSPFVLASTNAGSINAPTVSDSRALARRFHFDMNIEVISMYSQNGKINMPMSVKTCDDECCPVNFKKCCPLVCGKAIQFIDRRTQVRYSLDMLVTEMFREYNHRHSVGTTLEALFQGPPVYREIKISVAPETPPPPAIADLLKSVDSEAVREYCKEKGWLVPEINSTLQIEKHVSRAFICLQALTTFVSVAGIIYIIYKLFAGFQGAYTGVPNQKPRVPTLRQAKVQGPAFEFAVAMMKRNSSTVKTEYGEFTMLGIYDRWAVLPRHAKPGPTILMNDQEVGVLDAKELVDKDGTNLELTLLKLNRNEKFRDIRGFLAKEEVEVNEAVLAINTSKFPNMYIPVGQVTEYGFLNLGGTPTKRMLMYNFPTRAGQCGGVLMSTGKVLGIHVGGNGHQGFSAALLKHYFNDEQGEIEFIESSKDAGFPVINTPSKTKLEPSVFHQVFEGNKEPAVLRSGDPRLKANFEEAIFSKYIGNVNTHVDEYMLEAVDHYAGQLATLDISTEPMKLEDAVYGTEGLEALDLTTSAGYPYVALGIKKRDILSKKTKDLTKLKECMDKYGLNLPMVTYVKDELRSIEKVAKGKSRLIEASSLNDSVAMRQTFGNLYKTFHLNPGVVTGSAVGCDPDLFWSKIPVMLDGHLIAFDYSGYDASLSPVWFACLKMLLEKLGYTHKETNYIDYLCNSHHLYRDKHYFVRGGMPSGCSGTSIFNSMINNIIIRTLMLKVYKGIDLDQFRMIAYGDDVIASYPWPIDASLLAEAGKGYGLIMTPADKGECFNEVTWTNATFLKRYFRADEQYPFLVHPVMPMKDIHESIRWTKDPKNTQDHVRSLCLLAWHNGEHEYEEFIRKIRSVPVGRCLTLPAFSTLRRKWLDSF,False,True
RL401_YEAST_Mavor_2016,3J6X,MQIFVKTLTGKTITLEVESSDTIDNVKSKIQDKEGIPPDQQRLIFAGKQLEDGRTLSDYNIQKESTLHLVLRLRGGIIEPSLKALASKYNCDKSVCRKCYARLPPRATNCRKRKCGHTNQLRPKKKLK,False,False
ENV_HV1B9_DuenasDecamp_2016,6SNE,MRVKEIRKNWQHLRGGILLLGMLMICSAAKEKTWVTIYYGVPVWREATTTLFCASDAKAYDTEVHNVWATHACVPTDPNPQEVVLGNVTENFNMWKNNMVDQMHEDIISLWDESLKPCVKLTPLCVTLNCTNLNITKNTTNPTSSSWGMMEKGEIKNCSFYITTSIRNKVKKEYALFNRLDVVPIENTNNTKYRLISCNTSVITQACPKVSFQPIPIHYCVPAGFAMLKCNNKTFNGSGPCTNVSTVQCTHGIRPVVSTQLLLNGSLAEEDIVIRSENFTDNAKTIIVQLNESVVINCTRPNNNTRRRLSIGPGRAFYARRNIIGDIRQAHCNISRAKWNNTLQQIVIKLREKFRNKTIAFNQPSGGDPEIVRHSFNCGGEFFYCNTAQLFNSTWNVTGGTNGTEGNDIITLQCRIKQIINMWQKVGKAMYAPPITGQIRCSSNITGLLLTRDGGNSTETETEIFRPGGGDMRDNWRSELYKYKVVRIEPIGVAPTRAKRRTVQREKRAVGIGAVFLGFLGAAGSTMGAASVTLTVQARLLLSGIVQQQNNLLRAIEAQQHMLQLTVWGIKQLQARVLALERYLRDQQLMGIWGCSGKLICTTSVPWNVSWSNKSVDDIWNNMTWMEWEREIDNYTDYIYDLLEKSQTQQEKNEKELLELDKWASLWNWFDITNWLWYIRLFIMIVGGLIGLRIVFAVLSIVNRVRQGYSPLSFQTLLPASRGPDRPEGTEEEGGERDRDRSGPLVNGFLALFWVDLRNLCLFLYHLLRNLLLIVTRIVELLGRRGWEALKYWWNLLQYWSQELKNSAVSLLNATAIAVAEGTDRVIKIVQRACRAIRNIPTRIRQGLERALL,True,True
VKOR1_HUMAN_Chiasson_activity_2020,"6WV3,AFA0A0S2Z6I4F1",MGSTWGSPGWVRLALCLTGLVLSLYALHVKAARARDRDYRALCDVGTAISCSRVFSSRWGRGFGLVEHVLGQDSILNQSNSIFGCIFYTLQLLLGCLRTRWASVLMLLSSLVSLAGSVYLAWILFFVLYDFCIVCITTYAINVSLMWLSFRKVQEPQGKAKRH,False,True
TPK1_HUMAN_Weile_2017,AFA0A090N8Y0F1,MEHAFTPLEPLLSTGNLKYCLVILNQPLDNYFRHLWNKALLRACADGGANRLYDITEGERESFLPEFINGDFDSIRPEVREYYATKGCELISTPDQDHTDFTKCLKMLQKKIEEKDLKVDVIVTLGGLAGRFDQIMASVNTLFQATHITPFPIIIIQEESLIYLLQPGKHRLHVDTGMEGDWCGLIPVGQPCMQVTTTGLKWNLTNDVLAFGTLVSTSNTYDGSGVVTVETDHPLLWTMAIKS,False,True
SUMO1_HUMAN_Weile_2017,"1A5R,AFA0A024R3Z2F1",MSDQEAKPSTEDLGDKKEGEYIKLKVIGQDSSEIHFKVKMTTHLKKLKESYCQRQGVPMNSLRFLFEGQRIADNHTPKELGMEEEDVIEVYQEQTGGHSTV,False,True
DLG4_RAT_McLaughlin_2012,"2XKX,AFP31016F1",MDCLCIVTTKKYRYQDEDTPPLEHSPAHLPNQANSPPVIVNTDTLEAPGYELQVNGTEGEMEYEEITLERGNSGLGFSIAGGTDNPHIGDDPSIFITKIIPGGAAAQDGRLRVNDSILFVNEVDVREVTHSAAVEALKEAGSIVRLYVMRRKPPAEKVMEIKLIKGPKGLGFSIAGGVGNQHIPGDNSIYVTKIIEGGAAHKDGRLQIGDKILAVNSVGLEDVMHEDAVAALKNTYDVVYLKVAKPSNAYLSDSYAPPDITTSYSQHLDNEISHSSYLGTDYPTAMTPTSPRRYSPVAKDLLGEEDIPREPRRIVIHRGSTGLGFNIVGGEDGEGIFISFILAGGPADLSGELRKGDQILSVNGVDLRNASHEQAAIALKNAGQTVTIIAQYKPEEYSRFEAKIHDLREQLMNSSLGSGTASLRSNPKRGFYIRALFDYDKTKDCGFLSQALSFRFGDVLHVIDAGDEEWWQARRVHSDSETDDIGFIPSKRRVERREWSRLKAKDWGSSSGSQGREDSVLSYETVTQMEVHYARPIIILGPTKDRANDDLLSEFPDKFGSCVPHTTRPKREYEIDGRDYHFVSSREKMEKDIQAHKFIEAGQYNSHLYGTSVQSVREVAEQGKHCILDVSANAVRRLQAAHLHPIAIFIRPRSLENVLEINKRITEEQARKAFDRATKLEQEFTECFSAIVEGDSFEEIYHKVKRVIEDLSGPYIWVPARERL,False,True
B3VI55_LIPST_Klesmith_2015,4YH5,MPIATSTGDNVLDFTVLGLNSGTSMDGIDCALCHFYQKTPDAPMEFELLEYGEVPLAQPIKQRVMRMILEDTTSPSELSEVNVILGEHFADAVRQFAAERNVDLSTIDAIASHGQTIWLLSMPEEGQVKSALTMAEGAIIAARTGITSITDFRISDQAAGRQGAPLIAFFDALLLHHPTKLRACQNIGGIANVCFIPPDVDGRRTDEYYDFDTGPGNVFIDAVVRHFTNGEQEYDKDGAMGKRGKVDQELVDDFLKMPYFQLDPPKTTGREVFRDTLAHDLIRRAEAKGLSPDDIVATTTRITAQAIVDHYRRYAPSQEIDEIFMCGGGAYNPNIVEFIQQSYPNTKIMMLDEAGVPAGAKEAITFAWQGMECLVGRSIPVPTRVETRQHYVLGKVSPGLNYRSVMKKGMAFGGDAQQLPWVSEMIVKKKGKVITNNWA,False,True
BLAT_ECOLX_Stiffler_2015,"1ZG4,AFA0A0H3H688F1",MSIQHFRVALIPFFAAFCLPVFAHPETLVKVKDAEDQLGARVGYIELDLNSGKILESFRPEERFPMMSTFKVLLCGAVLSRVDAGQEQLGRRIHYSQNDLVEYSPVTEKHLTDGMTVRELCSAAITMSDNTAANLLLTTIGGPKELTAFLHNMGDHVTRLDRWEPELNEAIPNDERDTTMPAAMATTLRKLLTGELLTLASRQQLIDWMEADKVAGPLLRSALPAGWFIADKSGAGERGSRGIIAALGPDGKPSRIVVIYTTGSQATMDERNRQIAEIGASLIKHW,False,True
ADRB2_HUMAN_Jones_2020,"2R4R,AFP07550F1",MGQPGNGSAFLLAPNGSHAPDHDVTQERDEVWVVGMGIVMSLIVLAIVFGNVLVITAIAKFERLQTVTNYFITSLACADLVMGLAVVPFGAAHILMKMWTFGNFWCEFWTSIDVLCVTASIETLCVIAVDRYFAITSPFKYQSLLTKNKARVIILMVWIVSGLTSFLPIQMHWYRATHQEAINCYANETCCDFFTNQAYAIASSIVSFYVPLVIMVFVYSRVFQEAKRQLQKIDKSEGRFHVQNLSQVEQDGRTGHGLRRSSKFCLKEHKALKTLGIIMGTFTLCWLPFFIVNIVHVIQDNLIRKEVYILLNWIGYVNSGFNPLIYCRSPDFRIAFQELLCLRRSSLKAYGNGYSSNGNTGEQSGYHVEQEKENKLLCEDLPGTEDFVGHQGTVPSDNIDSQGRNCSTNDSLL,True,True
GRB2_HUMAN_Faure_2021,"1GRI,AFB0LPF3F1",MEAIAKYDFKATADDELSFKRGDILKVLNEECDQNWYKAELNGKDGFIPKNYIEMKPHPWFFGKIPRAKAEEMLSKQRHDGAFLIRESESAPGDFSLSVKFGNDVQHFKVLRDGAGKYFLWVVKFNSLNELVDYHRSTSVSRNQQIFLRDIEQVPQQPTYVQALFDFDPQEDGELGFRRGDFIHVMDNSDPNWWKGACHGQTGMFPRNYVTPVNRNV,False,True
GCN4_YEAST_Staller_induction_2018,"1DGC,AFP03069F1",MSEYQPSLFALNPMGFSPLDGSKSTNENVSASTSTAKPMVGQLIFDKFIKTEEDPIIKQDTPSNLDFDFALPQTATAPDAKTVLPIPELDDAVVESFFSSSTDSTPMFEYENLEDNSKEWTSLFDNDIPVTTDDVSLADKAIESTEEVSLVPSNLEVSTTSFLPTPVLEDAKLTQTRKVKKPNSVVKKSHHVGKDDESRLDHLGVVAYNRKQRSIPLSPIVPESSDPAALKRARNTEAARRSRARKLQRMKQLEDKVEELLSKNYHLENEVARLKKLVGER,False,True
RL401_YEAST_Roscoe_2013,3J6X,MQIFVKTLTGKTITLEVESSDTIDNVKSKIQDKEGIPPDQQRLIFAGKQLEDGRTLSDYNIQKESTLHLVLRLRGGIIEPSLKALASKYNCDKSVCRKCYARLPPRATNCRKRKCGHTNQLRPKKKLK,False,False
VKOR1_HUMAN_Chiasson_abundance_2020,"6WV3,AFA0A0S2Z6I4F1",MGSTWGSPGWVRLALCLTGLVLSLYALHVKAARARDRDYRALCDVGTAISCSRVFSSRWGRGFGLVEHVLGQDSILNQSNSIFGCIFYTLQLLLGCLRTRWASVLMLLSSLVSLAGSVYLAWILFFVLYDFCIVCITTYAINVSLMWLSFRKVQEPQGKAKRH,False,True
SC6A4_HUMAN_Young_2021,"6VRH,AFP31645F1",METTPLNSQKQLSACEDGEDCQENGVLQKVVPTPGDKVESGQISNGYSAVPSPGAGDDTRHSIPATTTTLVAELHQGERETWGKKVDFLLSVIGYAVDLGNVWRFPYICYQNGGGAFLLPYTIMAIFGGIPLFYMELALGQYHRNGCISIWRKICPIFKGIGYAICIIAFYIASYYNTIMAWALYYLISSFTDQLPWTSCKNSWNTGNCTNYFSEDNITWTLHSTSPAEEFYTRHVLQIHRSKGLQDLGGISWQLALCIMLIFTVIYFSIWKGVKTSGKVVWVTATFPYIILSVLLVRGATLPGAWRGVLFYLKPNWQKLLETGVWIDAAAQIFFSLGPGFGVLLAFASYNKFNNNCYQDALVTSVVNCMTSFVSGFVIFTVLGYMAEMRNEDVSEVAKDAGPSLLFITYAEAIANMPASTFFAIIFFLMLITLGLDSTFAGLEGVITAVLDEFPHVWAKRRERFVLAVVITCFFGSLVTLTFGGAYVVKLLEEYATGPAVLTVALIEAVAVSWFYGITQFCRDVKEMLGFSPGWFWRICWVAISPLFLLFIICSFLMSPPQLRLFQYNYPYWSIILGYCIGTSSFICIPTYIAYRLIITPGTFKERIIKSITPETPTEIPCGDIRLNAV,True,True
MK01_HUMAN_Brenan_2016,1TVO,MAAAAAAGAGPEMVRGQVFDVGPRYTNLSYIGEGAYGMVCSAYDNVNKVRVAIKKISPFEHQTYCQRTLREIKILLRFRHENIIGINDIIRAPTIEQMKDVYIVQDLMETDLYKLLKTQHLSNDHICYFLYQILRGLKYIHSANVLHRDLKPSNLLLNTTCDLKICDFGLARVADPDHDHTGFLTEYVATRWYRAPEIMLNSKGYTKSIDIWSVGCILAEMLSNRPIFPGKHYLDQLNHILGILGSPSQEDLNCIINLKARNYLLSLPHKNKVPWNRLFPNADSKALDLLDKMLTFNPHKRIEVEQALAHPYLEQYYDPSDEPIAEAPFKFDMELDDLPKEKLKELIFEETARFQPGYRS,False,True
PTEN_HUMAN_Matreyek_2021,"7JVX,AFF6KD01F1",MTAIIKEIVSRNKRRYQEDGFDLDLTYIYPNIIAMGFPAERLEGVYRNNIDDVVRFLDSKHKNHYKIYNLCAERHYDTAKFNCRVAQYPFEDHNPPQLELIKPFCEDLDQWLSEDDNHVAAIHCKAGKGRTGVMICAYLLHRGKFLKAQEALDFYGEVRTRDKKGVTIPSQRRYVYYYSYLLKNHLDYRPVALLFHKMMFETIPMFSGGTCNPQFVVCQLKVKIYSSNSGPTRREDKFMYFEFPQPLPVCGDIKVEFFHKQNKMLKKDKMFHFWVNTFFIPGPEETSEKVENGSLCDQEIDSICSIERADNDKEYLVLTLTKNDLDKANKDKANRYFSPNFKVKLYFTKTVEEPSNPEASSSTSVTPDVSDNEPDHYRYSDTTDSDPENEPFDEDQHTQITKV,False,True
TPMT_HUMAN_Matreyek_2018,"2BZG,AFA0A024QZW0F1",MDGTRTSLDIEEYSDTEVQKNQVLTLEEWQDKWVNGKTAFHQEQGHQLLKKHLDTFLKGKSGLRVFFPLCGKAVEMKWFADRGHSVVGVEISELGIQEFFTEQNLSYSEEPITEIPGTKVFKSSSGNISLYCCSIFDLPRTNIGKFDMIWDRGALVAINPGDRKCYADTMFSLLGKKFQYLLCVLSYDPTKHPGPPFYVPHAEIERLFGKICNIRCLEKVDAFEERHKSWGIDCLFEKLYLLTEK,False,True
F7YBW8_MESOW_Aakre_2015,5CEG,MANVEKMSVAVTPQQAAVMREAVEAGEYATASEIVREAVRDWLAKRELRHDDIRRLRQLWDEGKASGRPEPVDFDALRKEARQKLTEVPPNGR,True,True
DYR_ECOLI_Thompson_plusLon_2019,1DDR,MISLIAALAVDRVIGMENAMPWNLPADLAWFKRNTLNKPVIMGRHTWESIGRPLPGRKNIILSSQPGTDDRVTWVKSVDEAIAACGDVPEIMVIGGGRVYEQFLPKAQKLYLTHIDAEVEGDTHFPDYEPDDWESVFSEFHDADAQNSHSYCFEILERR,False,True
SRC_HUMAN_Ahler_CD_2019,"2H8H,AFP12931F1",MGSNKSKPKDASQRRRSLEPAENVHGAGGGAFPASQTPSKPASADGHRGPSAAFAPAAAEPKLFGGFNSSDTVTSPQRAGPLAGGVTTFVALYDYESRTETDLSFKKGERLQIVNNTEGDWWLAHSLSTGQTGYIPSNYVAPSDSIQAEEWYFGKITRRESERLLLNAENPRGTFLVRESETTKGAYCLSVSDFDNAKGLNVKHYKIRKLDSGGFYITSRTQFNSLQQLVAYYSKHADGLCHRLTTVCPTSKPQTQGLAKDAWEIPRESLRLEVKLGQGCFGEVWMGTWNGTTRVAIKTLKPGTMSPEAFLQEAQVMKKLRHEKLVQLYAVVSEEPIYIVTEYMSKGSLLDFLKGETGKYLRLPQLVDMAAQIASGMAYVERMNYVHRDLRAANILVGENLVCKVADFGLARLIEDNEYTARQGAKFPIKWTAPEAALYGRFTIKSDVWSFGILLTELTTKGRVPYPGMVNREVLDQVERGYRMPCPPECPESLHDLMCQCWRKEPEERPTFEYLQAFLEDYFTSTEPQYQPGENL,False,True
C6KNH7_9INFA_Lee_2018,4WE8,MKTIIALSYILCLVFAQKLPGNDNSTATLCLGHHAVPNGTIVKTITNDQIEVTNATELVQSSSTGEICDSPHQILDGKNCTLIDALLGDPQCDDFQNKKWDLFVERSKAYSNCYPYDVPDYASLRSLVASSGTLEFNNESFNWTGVTQNGTSSACIRRSKNSFFSRLNWLTHLNFKYPALNVTMPNNEQFDKLYIWGVLHPGTDKDQIFLYAQASGRITVSTKRSQQIVSPNIGSRPRVRNIPSRISIYWTIVKPGDILLINSTGNLIAPRGYFKIRSGKSSIMRSDAPIGKCNSECITPNGSIPNDKPFQNVNRITYGACPRYVKQNTLKLATGMRNVPEKQTRGIFGAIAGFIENGWEGMVDGWYGFRHQNSEGRGQAADLKSTQAAIDQINGKLNRLIGKTNEKFHQIEKEFSEVEGRIQDLEKYVEDTKIDLWSYNAELLVALENQHTIDLTDSEMNKLFEKTKKQLRENAEDMGNGCFKIYHKCDNACIGSIRNGTYDHDVYRDEALNNRFQIKGVELKSGYKDWILWISFAISCFLLCVALLGFIMWACQKGNIRCNICI,False,True
RL401_YEAST_Roscoe_2014,3J6X,MQIFVKTLTGKTITLEVESSDTIDNVKSKIQDKEGIPPDQQRLIFAGKQLEDGRTLSDYNIQKESTLHLVLRLRGGIIEPSLKALASKYNCDKSVCRKCYARLPPRATNCRKRKCGHTNQLRPKKKLK,False,False
P53_HUMAN_Giacomelli_NULL_Nutlin_2018,"6XRE,AFK7PPA8F1",MEEPQSDPSVEPPLSQETFSDLWKLLPENNVLSPLPSQAMDDLMLSPDDIEQWFTEDPGPDEAPRMPEAAPRVAPAPAAPTPAAPAPAPSWPLSSSVPSQKTYQGSYGFRLGFLHSGTAKSVTCTYSPALNKMFCQLAKTCPVQLWVDSTPPPGTRVRAMAIYKQSQHMTEVVRRCPHHERCSDSDGLAPPQHLIRVEGNLRVEYLDDRNTFRHSVVVPYEPPEVGSDCTTIHYNYMCNSSCMGGMNRRPILTIITLEDSSGNLLGRNSFEVRVCACPGRDRRTEEENLRKKGEPHHELPPGSTKRALPNNTSSSPQPKKKPLDGEYFTLQIRGRERFEMFRELNEALELKDAQAGKEPGGSRAHSSHLKSKKGQSTSRHKKLMFKTEGPDSD,True,True
PTEN_HUMAN_Mighell_2018,"7JVX,AFF6KD01F1",MTAIIKEIVSRNKRRYQEDGFDLDLTYIYPNIIAMGFPAERLEGVYRNNIDDVVRFLDSKHKNHYKIYNLCAERHYDTAKFNCRVAQYPFEDHNPPQLELIKPFCEDLDQWLSEDDNHVAAIHCKAGKGRTGVMICAYLLHRGKFLKAQEALDFYGEVRTRDKKGVTIPSQRRYVYYYSYLLKNHLDYRPVALLFHKMMFETIPMFSGGTCNPQFVVCQLKVKIYSSNSGPTRREDKFMYFEFPQPLPVCGDIKVEFFHKQNKMLKKDKMFHFWVNTFFIPGPEETSEKVENGSLCDQEIDSICSIERADNDKEYLVLTLTKNDLDKANKDKANRYFSPNFKVKLYFTKTVEEPSNPEASSSTSVTPDVSDNEPDHYRYSDTTDSDPENEPFDEDQHTQITKV,False,True
R1AB_SARS2_Flynn_growth_2022,5R7Y,SGFRKMAFPSGKVEGCMVQVTCGTTTLNGLWLDDVVYCPRHVICTSEDMLNPNYEDLLIRKSNHNFLVQAGNVQLRVIGHSMQNCVLKLKVDTANPKTPKYKFVRIQPGQTFSVLACYNGSPSGVYQCAMRPNFTIKGSFLNGSCGSVGFNIDYDCVSFCYMHHMELPTGVHAGTDLEGNFYGPFVDRQTAQAAGTDTTITVNVLAWLYAAVINGDRWFLNRFTTTLNDFNLVAMKYNYEPLTQDHVDILGPLSAQTGIAVLDMCASLKELLQNGMNGRTILGSALLEDEFTPFDVVRQCSGVTFQ,False,True
KCNH2_HUMAN_Kozek_2020,"2L1M,AFA0A090N8Q0F1",MPVRRGHVAPQNTFLDTIIRKFEGQSRKFIIANARVENCAVIYCNDGFCELCGYSRAEVMQRPCTCDFLHGPRTQRRAAAQIAQALLGAEERKVEIAFYRKDGSCFLCLVDVVPVKNEDGAVIMFILNFEVVMEKDMVGSPAHDTNHRGPPTSWLAPGRAKTFRLKLPALLALTARESSVRSGGAGGAGAPGAVVVDVDLTPAAPSSESLALDEVTAMDNHVAGLGPAEERRALVGPGSPPRSAPGQLPSPRAHSLNPDASGSSCSLARTRSRESCASVRRASSADDIEAMRAGVLPPPPRHASTGAMHPLRSGLLNSTSDSDLVRYRTISKIPQITLNFVDLKGDPFLASPTSDREIIAPKIKERTHNVTEKVTQVLSLGADVLPEYKLQAPRIHRWTILHYSPFKAVWDWLILLLVIYTAVFTPYSAAFLLKETEEGPPATECGYACQPLAVVDLIVDIMFIVDILINFRTTYVNANEEVVSHPGRIAVHYFKGWFLIDMVAAIPFDLLIFGSGSEELIGLLKTARLLRLVRVARKLDRYSEYGAAVLFLLMCTFALIAHWLACIWYAIGNMEQPHMDSRIGWLHNLGDQIGKPYNSSGLGGPSIKDKYVTALYFTFSSLTSVGFGNVSPNTNSEKIFSICVMLIGSLMYASIFGNVSAIIQRLYSGTARYHTQMLRVREFIRFHQIPNPLRQRLEEYFQHAWSYTNGIDMNAVLKGFPECLQADICLHLNRSLLQHCKPFRGATKGCLRALAMKFKTTHAPPGDTLVHAGDLLTALYFISRGSIEILRGDVVVAILGKNDIFGEPLNLYARPGKSNGDVRALTYCDLHKIHRDDLLEVLDMYPEFSDHFWSSLEITFNLRDTNMIPGSPGSTELEGGFSRQRKRKLSFRRRTDKDTEQPGEVSALGPGRAGAGPSSRGRPGGPWGESPSSGPSSPESSEDEGPGRSSSPLRLVPFSSPRPPGEPPGGEPLMEDCEKSSDTCNPLSGAFSGVSNIFSFWGDSRGRQYQELPRCPAPTPSLLNIPLSSPGRRPRGDVESRLDALQRQLNRLETRLSADMATVLQLLQRQMTLVPPAYSAVTTPGPGPTSTSPLLPVSPLPTLTLDSLSQVSQFMACEELPPGAPELPQEGPTRRLSLPGQLGALTSQPLHRHGSDPGS,False,True
RASH_HUMAN_Bandaru_2017,"4Q21,AFP01112F1",MTEYKLVVVGAGGVGKSALTIQLIQNHFVDEYDPTIEDSYRKQVVIDGETCLLDILDTAGQEEYSAMRDQYMRTGEGFLCVFAINNTKSFEDIHQYREQIKRVKDSDDVPMVLVGNKCDLAARTVESRQAQDLARSYGIPYIETSAKTRQGVEDAFYTLVREIRQHKLRKLNPPDESGPGCMSCKCVLS,False,True
A0A140D2T1_ZIKV_Sourisseau_growth_2019,6WCZ,MKNPKKKSGGFRIVNMLKRGVARVNPLGGLKRLPAGLLLGHGPIRMVLAILAFLRFTAIKPSLGLINRWGSVGKKEAMEIIKKFKKDLAAMLRIINARKERKRRGADTSIGIIGLLLTTAMAAEITRRGSAYYMYLDRSDAGKAISFATTLGVNKCHVQIMDLGHMCDATMSYECPMLDEGVEPDDVDCWCNTTSTWVVYGTCHHKKGEARRSRRAVTLPSHSTRKLQTRSQTWLESREYTKHLIKVENWIFRNPGFALVAVAIAWLLGSSTSQKVIYLVMILLIAPAYSIRCIGVSNRDFVEGMSGGTWVDVVLEHGGCVTVMAQDKPTVDIELVTTTVSNMAEVRSYCYEASISDMASDSRCPTQGEAYLDKQSDTQYVCKRTLVDRGWGNGCGLFGKGSLVTCAKFTCSKKMTGKSIQPENLEYRIMLSVHGSQHSGMIVNDTGYETDENRAKVEVTPNSPRAEATLGGFGSLGLDCEPRTGLDFSDLYYLTMNNKHWLVHKEWFHDIPLPWHAGADTGTPHWNNKEALVEFKDAHAKRQTVVVLGSQEGAVHTALAGALEAEMDGAKGKLFSGHLKCRLKMDKLRLKGVSYSLCTAAFTFTKVPAETLHGTVTVEVQYAGTDGPCKIPVQMAVDMQTLTPVGRLITANPVITESTENSKMMLELDPPFGDSYIVIGVGDKKITHHWHRSGSTIGKAFEATVRGAKRMAVLGDTAWDFGSVGGVFNSLGKGIHQIFGAAFKSLFGGMSWFSQILIGTLLVWLGLNTKNGSISLTCLALGGVMIFLSTAVSADVGCSVDFSKKETRCGTGVFIYNDVEAWRDRYKYHPDSPRRLAAAVKQAWEEGICGISSVSRMENIMWKSVEGELNAILEENGVQLTVVVGSVKNPMWRGPQRLPVPVNELPHGWKAWGKSYFVRAAKTNNSFVVDGDTLKECPLEHRAWNSFLVEDHGFGVFHTSVWLKVREDYSLECDPAVIGTAVKGREAAHSDLGYWIESEKNDTWRLKRAHLIEMKTCEWPKSHTLWTDGVEESDLIIPKSLAGPLSHHNTREGYRTQVKGPWHSEELEIRFEECPGTKVYVEETCGTRGPSLRSTTASGRVIEEWCCRECTMPPLSFRAKDGCWYGMEIRPRKEPESNLVRSMVTAGSTDHMDHFSLGVLVILLMVQEGLKKRMTTKIIMSTSMAVLVVMILGGFSMSDLAKLVILMGATFAEMNTGGDVAHLALVAAFKVRPALLVSFIFRANWTPRESMLLALASCLLQTAISALEGDLMVLINGFALAWLAIRAMAVPRTDNIALPILAALTPLARGTLLVAWRAGLATCGGIMLLSLKGKGSVKKNLPFVMALGLTAVRVVDPINVVGLLLLTRSGKRSWPPSEVLTAVGLICALAGGFAKADIEMAGPMAAVGLLIVSYVVSGKSVDMYIERAGDITWEKDAEVTGNSPRLDVALDESGDFSLVEEDGPPMREIILKVVLMAICGMNPIAIPFAAGAWYVYVKTGKRSGALWDVPAPKEVKKGETTDGVYRVMTRRLLGSTQVGVGVMQEGVFHTMWHVTKGAALRSGEGRLDPYWGDVKQDLVSYCGPWKLDAAWDGLSEVQLLAVPPGERARNIQTLPGIFKTKDGDIGAVALDYPAGTSGSPILDKCGRVIGLYGNGVVIKNGSYVSAITQGKREEETPVECFEPSMLKKKQLTVLDLHPGAGKTRRVLPEIVREAIKKRLRTVILAPTRVVAAEMEEALRGLPVRYMTTAVNVTHSGTEIVDLMCHATFTSRLLQPIRVPNYNLYIMDEAHFTDPSSIAARGYISTRVEMGEAAAIFMTATPPGTRDAFPDSNSPIMDTEVEVPERAWSSGFDWVTDHSGKTVWFVPSVRNGNEIAACLTKAGKRVIQLSRKTFETEFQKTKNQEWDFVITTDISEMGANFKADRVIDSRRCLKPVILDGERVILAGPMPVTHASAAQRRGRIGRNPNKPGDEYMYGGGCAETDEGHAHWLEARMLLDNIYLQDGLIASLYRPEADKVAAIEGEFKLRTEQRKTFVELMKRGDLPVWLAYQVASAGITYTDRRWCFDGTTNNTIMEDSVPAEVWTKYGEKRVLKPRWMDARVCSDHAALKSFKEFAAGKRGAALGVMEALGTLPGHMTERFQEAIDNLAVLMRAETGSRPYKAAAAQLPETLETIMLLGLLGTVSLGIFFVLMRNKGIGKMGFGMVTLGASAWLMWLSEIEPARIACVLIVVFLLLVVLIPEPEKQRSPQDNQMAIIIMVAVGLLGLITANELGWLERTKNDIAHLMGRREEGATMGFSMDIDLRPASAWAIYAALTTLITPAVQHAVTTSYNNYSLMAMATQAGVLFGMGKGMPFYAWDLGVPLLMMGCYSQLTPLTLIVAIILLVAHYMYLIPGLQAAAARAAQKRTAAGIMKNPVVDGIVVTDIDTMTIDPQVEKKMGQVLLIAVAISSAVLLRTAWGWGEAGALITAATSTLWEGSPNKYWNSSTATSLCNIFRGSYLAGASLIYTVTRNAGLVKRRGGGTGETLGEKWKARLNQMSALEFYSYKKSGITEVCREEARRALKDGVATGGHAVSRGSAKLRWLVERGYLQPYGKVVDLGCGRGGWSYYAATIRKVQEVRGYTKGGPGHEEPMLVQSYGWNIVRLKSGVDVFHMAAEPCDTLLCDIGESSSSPEVEETRTLRVLSMVGDWLEKRPGAFCIKVLCPYTSTMMETMERLQRRHGGGLVRVPLSRNSTHEMYWVSGAKSNIIKSVSTTSQLLLGRMDGPRRPVKYEEDVNLGSGTRAVASCAEAPNMKIIGRRIERIRNEHAETWFLDENHPYRTWAYHGSYEAPTQGSASSLVNGVVRLLSKPWDVVTGVTGIAMTDTTPYGQQRVFKEKVDTRVPDPQEGTRQVMNIVSSWLWKELGKRKRPRVCTKEEFINKVRSNAALGAIFEEEKEWKTAVEAVNDPRFWALVDREREHHLRGECHSCVYNMMGKREKKQGEFGKAKGSRAIWYMWLGARFLEFEALGFLNEDHWMGRENSGGGVEGLGLQRLGYILEEMNRAPGGKMYADDTAGWDTRISKFDLENEALITNQMEEGHRTLALAVIKYTYQNKVVKVLRPAEGGKTVMDIISRQDQRGSGQVVTYALNTFTNLVVQLIRNMEAEEVLEMQDLWLLRKPEKVTRWLQSNGWDRLKRMAVSGDDCVVKPIDDRFAHALRFLNDMGKVRKDTQEWKPSTGWSNWEEVPFCSHHFNKLYLKDGRSIVVPCRHQDELIGRARVSPGAGWSIRETACLAKSYAQMWQLLYFHRRDLRLMANAICSAVPVDWVPTGRTTWSIHGKGEWMTTEDMLMVWNRVWIEENDHMEDKTPVTKWTDIPYLGKREDLWCGSLIGHRPRTTWAENIKDTVNMVRRIIGDEEKYMDYLSTQVRYLGEEGSTPGVL,True,True
